"शीर्षक","विवरण"
"""माओवादी नेता पोखरेल तीन दिनदेखि अस्पतालमा","स्वास्थ्य अवस्था सुधार हुँदै"",""काठमाडौं : पूर्व शिक्षा मन्त्री तथा माओवादी केन्द्रका उपमहासचिव गिरिराजमणि पोखरेल अस्पताल भर्ना भएका छन् । उनी तीन दिनअघि महोत्तरीको बर्दिबासस्थित बर्दिवास जनसेवा हस्पिटलमा भर्ना भएका थिए । त्यसपछि थप उपचारका लागि प्लेनबाट काठमाडौं ल्याई नेता पोखरेललाई टिचिङ हस्पिटलमा भर्ना गरिएको थियो । उनको टिचिङ्ग हस्पिटलको इमर्जेन्सी कक्षको ६०१ नम्बर बेडमा राखेर उपचार भइरहेको नेता पोखरेलका सहयोगी गणेश बस्नेताले बताए । उनको अहिले स्वास्थ्यमा सुधार भइरहेको छ । उच्च ज्वरो, पखालासँग अक्सिजनको मात्रा कम भएपछि उनी अस्पताल भर्ना भएका थिए । उच्च गर्मी र खानपिनको समस्याले उनी बिरामी परेका थिए ।"""
"""सरकारका सबै वेवसाइट डाउन","अध्यागमनको सिस्टम पनि चलेन"",""काठमाडौं : नेपालका सबै सरकारी निकायको वेवसाइट डाउन भएको छ । सिंहदरवारस्थित केन्द्रीय सर्भरमा समस्या आएपछि सरकारी वेवसाइटहरू डाउन भएका हुन् । सर्भर ह्याक भएको हो वा प्राविधिक कारणले बन्द भएको भन्नेबारे अझै एकिन हुन नसकेको गृहमन्त्रालय स्रोतले बतायो । 'सर्भरमा एक्कासि समस्या आएपछि वेवसाइटहरू नचलेका हुन् । ह्याक भएको हो वा प्राविधिक कारण भएको हो । त्यसबारे अझै अध्ययन भइरहेको छ,' स्रोतले भन्यो । केन्द्रीय सर्भरमा समस्या आउँदा त्रिभुवन अन्तर्राष्ट्रिय विमानस्थलको अध्यागमनको सिस्टम पनि चलेको छैन । जसका कारण हवाई उडानलगायत अति आवश्यक काम कारबाही हुन सकेको छैन ।"""
"३३ तोला सुनका गहनासहित नगद चोरी","चितवन : पूर्वी चितवनको रत्ननगरमा ३३ तोला ५० लाल सुनसहित नगद चोरी भएको छ । रत्ननगर नगरपालिका१२ का गोपाल ओझाको घरबाट सुनका गहना र नगद चोरी भएको जिल्ला प्रहरी कार्यालय चितवनले जनाएको छ । कार्यालयका अनुसार आज दिउँसो १२:४५ बजे गहना र नगद दुई लाख ५० हजार रुपैयाँ चोरी भएको हो । कार्यालयका प्रवक्ता प्रहरी नायब उपरीक्षक विजयराज पण्डितले घटनाको अनुसन्धान सुरु गरिएको बताए ।"
"सिंहदरवारस्थित केन्द्रीय सर्भरमा विद्युत अवरुद्ध हुँदा सरकारी साइट डाउन","काठमाडौं : सिंहदरवारस्थित केन्द्रीय सर्भरमा विद्युत अवरुद्ध हुँदा नेपालभरिका सरकारी साइटहरू डाउन भएका छन् । नेपाल विद्युत प्राधिकरणको ट्रान्सफर्मर पड्किँदा केन्द्रीय सर्भरमा विद्युत अवरुद्ध भएको हो । राष्ट्रिय सूचना केन्द्र स्रोतका अनुसार विद्युत अवरुद्ध हुँदा सिस्टम डाउन भएको हो । सिस्टम सञ्चालन हुन केही समय लाग्ने उनको भनाइ छ । 'ट्रान्सफर्मर पड्किएपछि विद्युत अवरुद्ध हुँदा सर्भर डाउन हुन पुगेको हो । विद्युत प्राधिकरणको टोली जडानका निम्ति आएको छ । केही समयपछि सर्भर सञ्चालनमा आउँछ,' अन्नपूर्णसँग स्रोतले भन्यो । सर्भर डाउन हुँदा अति महत्वपूर्ण सरकारी साइटहरू डाउन हुँदा काम कारबाही पनि प्रभावित भएको छ । सर्भर डाउन भएपछि अध्यागमनको सिस्टम पनि चल्न सकेको छैन । जसका कारण विमानस्थलका अति महत्वपूर्ण कामहरू प्रभावित भएको अध्यागमनका एक कर्मचारीले बताए । यसअघि केन्द्रीय सर्भरमा ह्याकरहरूले आक्रमणसमेत गरेका थिए । केन्द्रीय सर्भर असुरक्षित भएपछि प्रधानमन्त्री पुष्पकमल दाहालले समेत चासो लिएका थिए ।"
"मन्त्री बनेपछि गृह जिल्लावासीसँग खुशी साट्न नपाई अस्ताए सिंह","बझाङ : सुदूरपश्चिम प्रदेश सरकारका आन्तरिक मामिला तथा कानुन मन्त्री पृथ्वीबहादुर सिंह मंगलबार बझाङ प्रवेश गर्दै थिए । मन्त्रीमा नियुक्त भएपछि उनी पहिलो पटक बझाङमा प्रवेश हुँदै थिए । सोमबार प्रदेश राजधानी धनगढीबाट सोमबार ४ जना परिवार सदस्यसहित १६ जनाको टोली डडेलधुरा पुगेको थियो । डडेलधुरामा मन्त्री सिंहले विपद् व्यवस्थापन सम्बन्धी कार्यक्रम सकेर त्यही बास बसेका थिए । मंगलबार बिहानै डडेल्धुरास्थित प्रसिद्ध उग्रतारा मन्दिरको दर्शन गर्न बिहान ६ बजे सबै जना त्यहाँ पुगेका थिए । उग्रताराको दर्शनपश्चात करिब ७ बजे सकेर खाना खाइसकेपछि मन्त्री सिंहको गाडी अघि अघि बाँकी गाडी पछाडि हुँदै बझाङका लागि हिँडेको जयपृथ्वी नगरपालिका५ का राजेन्द्र थापाले बताए । मंगलबार दिउँसो १२ बजे बझाङ प्रवेश भएको मन्त्री सिंहको जीप साढे १ बजे बाग्थला बजार पुगेको थियो । केदारस्युँ गाउँपालिका४ बाग्थलाबाट १५ मिनेट अगाडि बढेको जीप कालंगा खोला किनार धारछडी भन्ने स्थानमा दुर्घटनाग्रस्त हुन पुग्यो । जीपमा रहेका कानुन मन्त्री पृथ्वीबहादुर सिंह, उनकी धर्मपत्नी अमृतादेवी सिंह, भाउजु जयदेवी सिंह, चालक धर्मराज जोशी र मन्त्री सिंहका सुरक्षागार्ड दीपक भण्डारी सबै गम्भीर घाइते बनेका थिए । गम्भीर घाइते उनीहरूलाई हतार हतार केदारस्युँ गाउँपालिकाको देउरास्थित रायल प्राथमिक स्वास्थ्य केन्द्र र ऋतु पोलिक्लिनिक लगिएको थियो । उपचारकै क्रममा डाक्टरले मन्त्री सिंहकी धर्मपत्नी अमृतादेवी सिंह र भाउजु जयदेवी सिंह मृत्यु भएको पुष्टि गरे । ऋतुमै छँदा मन्त्री सिंहको नाबीको चाल र मुटुको धड्कनले काम गर्न छोडिसकेको त्यहाँ कार्यरत चिकित्सक सर्जन सुवेदीले बताए । सुर्खेतबाट आएको हेलिकोप्टरले मन्त्री सिंहसहित चालक जोशी र अंगरक्षक भण्डारीलाई ४:५८ बजे नेपालगञ्ज मेडिकल कलेज कोहलपुर पुर्याएको थियो । त्यहाँ प्राध्यापक डाक्टर ढुण्डी राज पौडल नेतृत्वको टोलीले मन्त्री सिंहलाई बचाउन हर प्रयास गर्दा पनि नाबीको चाल र मुटुको धड्कनले काम गरेको नपाइएपछि बेलुका ५ः३३ बजे मृत घोषण गरेको थियो । दुर्घटनामा घाइते भएका मन्त्रीका पीएसओ सहायक प्रहरी हवल्दार दीपक भण्डारी र गाडी चालक घर्मराज जोशीको नेपालगन्ज मेडिकल कलेजमा उपचार भइरहेको छ । उनीहरूको अवस्थामा पनि गम्भिर रहेको अस्पतालले जनाएको छ । मन्त्री भइसकेपछि पहिलो पटक खुशी साट्न बझाङ जेठ ६ गते लामो रस्साकस्सीपछि सुदूरपश्चिम प्रदेश सरकारको आन्तरिक मामिला तथा कानुन मन्त्रीमा नियुक्त भएका पृथ्वीबहादुर सिंह मंगलबार धेरै कार्यक्रम तालिका बनाएर खुशी साट्न बझाङ आउँदै थिए । उनले बझाङमा रहँदा असार ६ गते ढँडार मष्टा मन्दिर दर्शन तथा भेटघाट गरेर एलइओसी कार्यक्रम उद्घाटनसहित बझाङका कार्यालय प्रमुखलाई निर्देशन दिएर ७ गते धनगढी फिर्ता हुने कार्य तालिका थियो । तर अपसोच उनले सदरमुकाम चैनपुर पुग्न नपाइ ४० किलोमिटर टाढाबाट अस्ताउनु पर्यो । सिंह प्रदेश सरकारमा बझाङबाट मन्त्री बन्ने पहिलो व्यक्ति हुन् । ५५ वर्षको उमेर भएको उनको निधनले सिंगो बझाङ स्तब्ध बनेको छ । ४ मंसिरमा भएको प्रदेशसभा चुनावमा उनी बझाङ१ बाट सुदूरपश्मिम प्रदेशसभामा नेपाली कांग्रेसबाट निर्वाचित भएका थिए । उनी १२ वर्षसम्म नेपाली कांग्रेस बझाङको जिल्ला समिति सभापति रहेका थिए ।"
"अर्थमन्त्रीले आवश्यकताभन्दा पहुँचलाई आधार बनाएर बजेट विनियोजन गरे : सांसद तामाङ","काठमाडौं : नेकपा एमालेका सांसद तारा लामा तामाङले अर्थमन्त्री प्रकाशशरण महतले आवश्यकताभन्दा पनि व्यक्तिको पहुँचको आधारमा बजेट विनियोजन गरेको आरोप लगाएका छन् । प्रतिनिधिसभाको बैठकमा मंगलबार बोल्दै सांसद तामाङले सरकारले आवश्यकतालाई ध्यान दिने भन्दा पनि पहुँचलाई आधार बनाएको भन्दै असन्तुष्टि प्रकट गरे । एमाले सांसद तामाङले अर्थमन्त्री र अर्थमन्त्रालयसँग आफ्नो निर्वाचन क्षेत्र रहेको कञ्चनपुरको छोटी भन्सारलाई व्यवस्थित गरेर राजस्व संकलन कसरी संकलन गर्ने भन्ने कुनै योजना नभएको आरोप लगाए । 'कञ्चनपुरको बेलौरी भन्सारले धेरै क्षेत्र ओगट्थ्यो । तर, त्यसलाई व्यवस्थित नगरी सेटिङको भरमा छोटी भन्सार नचलाएको भन्ने सुनेको छु । यो काम सरासर गलत हो । अर्थमन्त्रालय र अर्थमन्त्रीको यसमा ध्यान जान आवश्यक छ', सांसद तामाङले भने । सांसद तामाङले बजेटमा सत्तारुढ दल र मन्त्रीको मनपरीको समेत विरोध गरे । उनले सहरी विकास मन्त्रालय अन्तर्गत पनि बजेट विनियोजनमा मन्त्रीले मनपरी गरेको आरोप लगाए । सहरी विकासमन्त्री सिता गुरुङले उनको जिल्ला तेह्रथुममा बजेट विनियोजन गरेको भए समग्र जिल्लाको मन्त्री भएको आभास हुने भन्दै आफ्नो निर्वाचन क्षेत्र लक्षित बजेट ल्याएको भन्दै त्यसले क्षेत्रको जस्तो मात्र मन्त्री भएको सन्देश गएको टिप्पणी गरे । सुदूरपश्चिम सरकारका पूर्वअर्थमन्त्री समेत रहेका सांसद तामाङले सहरी विकास मन्त्रालयलले कञ्चनपुरको पूर्नवासलाई सरकारले बेवास्ता गरेको भन्दै असन्तुष्टि जनाएका छन् । उनले सरकारले जग्गा एकीकरण गरेर पूर्वाधार निर्माण गर्ने भनेर डीपीआर बनाउन करोडौ खर्च गरेपनि सुदूरपश्चिममा बजेट विनियोजन नगरेको भन्दै विरोध जनाए । सरकारले कञ्चनपुरको पुर्नवासमा कहिले बजेट विनियोजन गर्दैन । राजा र पञ्चायतकालमा पुनर्वासमा १० हजार हेक्टरमा व्यवस्थित वस्ती बसालिएको छ । अहिले सरकारले मध्य लोकमार्गले छोएको पहाडी क्षेत्रमा १० वटा स्मार्ट सिटीको योजना राखेको देखियो । नयाँ सहर भनेर ५२ वटा कार्यक्रम घोषणा समेत गरेको रहेछ । त्यसमा १ करोड बजेट विनियोजन गरेको छ । नयाँ नयाँ कार्यक्रम घोषणा गर्ने र करोडौं बजेट अरुमा घोषणा गर्ने यो राम्रो देखिएन । मैले पुनर्वासमा बजेट विनियोजन गर्ने विषयमा सबैसँग पहल गरे तर कसैले कुरा सुनेनन्, सांसद तामाङले भने ।"
"हवाई इन्धनको मूल्य घट्यो","काठामडौं : हवाई इन्धनको मूल्य घटेको छ । नेपाल आयल निगमले आन्तरिकतर्फको हवाई इन्धनमा १० रुपैयाँ घटाएर १५० रुपैयाँ प्रतिलिटर कायम गरेको छ । त्यस्तै अन्तर्राष्ट्रियतर्फको हवाई इन्धनमा प्रति किलोलिटर २ सय अमेरिकी डलरले घटेको निगमले जनाएको छ । 'अन्तर्राष्ट्रिय बजार मूल्य अनुरुप जुन ०१, २०२३ ( जेष्ठ १८, २०८०) मा निगमलाई प्राप्त हवाई इन्धनको नयाँ मूल्य यसअघिको मे ०१, २०२३ को तुलनामा केहि मात्रामा घटेर आएको हुँदा निगम संचालक समितिको मिति २०८००३०५ गतेको निर्णय अनुसार आज मिति २०८००३०५ गतेको राती १२:०० बजेदेखि लागु हुने गरी हवाई इन्धन (आन्तरिकतर्फ) को साविकको विक्री मूल्यमा प्रति लिटर रु १० ।०० ले घटाई नयाँ बिक्री मूल्य रू १५० ।०० प्रति लिटर तथा हवाई इन्धन (अन्तर्राष्ट्रियतर्फ) को साविकको विक्री मूल्यमा प्रति किलो लिटर अमेरिकी डलर २०० ।०० (प्रति लिटर करिब रु२६ ।००) ले घटाई नयाँ विक्री मूल्य प्रति किलो लिटर अमेरिकी डलर १,१५० ।०० (प्रति लिटर करिव रु १५१ ।०० ) कायम गरिएको छ,' विज्ञप्तिमा भनिएको छ । मूल्य समायोजनपश्चात् भारतको कलकत्ताको हवाई इन्धन (आन्तरिकतर्फ) को विक्री मूल्यको तुलनामा नेपालको काठमाडौंमा बिक्री गरिने हवाई इन्धन (आन्तरिकतर्फ) को बिक्री मूल्य अझै पनि प्रति लिटर रू ०३ ।६९ ले नेपाल तर्फ नै सस्तो रहेको निगमले जनाएको छ ।"
"नागरिकता विधेयकको माग गर्दै सत्याग्रहमा उत्रिएका नेता शर्मा अस्पताल भर्ना","काठमाडौं : पाँच दिनदेखि भोकहड्ताल (सत्याग्रह)मा उत्रिएका माओवादी केन्द्रका पोलिष्टब्युरो सदस्य रामकुमार शर्मा अस्पताल भर्ना भएका छन् । नागरिकताविहीनलाई नागरिकता दिनुपर्ने मागसहित उनी माइतीघरमा आन्दोलन गर्दै आएका छन् । सोमबार स्वास्थ्यमा समस्या आएपछि चिकित्सिको सल्लाहमा उनलाई वीर अस्पतालको आकश्मिक कक्षामा भर्ना गरिएको हो । राष्ट्रपति रामचन्द्र पौडेलले नागरिकता विधयेक जारी गरेपनि सर्वोच्च अदालतको अल्पकालीन आदेशपछि विधयेक कार्यान्वन भएको छैन । अदालतको आदेशले नागरिकता वितरणमा रोक लगाएपछि नागरिकताविहीन युवाहरूले विरोध प्रदर्शन गर्दै आएका छन् । अनसन इच्छाले गरेको हैन । कसैलाई पनि भोकै मर्ने रहर हुँदैन । जब देशमा ठूलो समस्या देखा पर्छ । त्यो समस्याले ठूलो जनसमुदायलाई असर गरिरहेको छ । त्यस्ता समस्याको निकासका लागि मैले भोकहडताल बस्दै आएको छु, नेता शर्माले अन्नपूर्णसँग भने ।"
"मन्त्री सिंहको निधनपछि कांग्रेसले भन्यो पार्टीले कुशल संगठनकर्ता गुमायो","काठमाडौं : नेपाली कांग्रेसले सुदूरपश्चिम प्रदेशका आन्तरिक मामिला तथा कानुनमन्त्री पृथ्वीबहादुर सिंहको निधनले अपूरणीय क्षति भएको जनाएको छ । सिंहले पार्टी लामो समय विभिन्न पदीय जिम्मेवारी सम्हालेको कांग्रेसले जनाएको छ । 'लामो समयसम्म नेपाली कांग्रेसको विभिन्न पदीय जिम्मेवारीमा रहेर पृथ्वीबहादुर सिंहले कार्य गर्नु भएको थियो । उहाँले पार्टीको संगठन निर्माण र नेपालको लोकतान्त्रिक आन्दोलनहरुमा सक्रिय भूमिका निर्वाह गर्नु भएको थियो । उहाँको निधनबाट पार्टीले एक कुशल संगठनकर्तालाई गुमाएको छ र नेपाली कांग्रेसलाई अपूरणीय क्षति पुगेको छ,' विज्ञप्तिमा भनिएको छ । यसैबीच सिंहको सवारी दुर्घटनामा परी भएको निधनप्रति दुःख व्यक्त गर्दै प्रतिनिधिसभाको आजको बैठक स्थगित भएको भएको थियो । दिउँसो बझाङको बागथलामा सिंह सवार गाडी दुर्घटना हुँदा उनकी पत्नी अमृता सिंह र भाउजु जयादेवी सिंहको पनि निधन भएको थियो ।"
"""नेपालको दोस्रो विकेट झर्यो","कुशल ३९ रनमा आउट"",""हरारे: आईसीसी क्रिकेट विश्वकपको ग्लोबल छनोटअन्तर्गत समूह बीमा अमेरिकाविरुद्ध दुई सय आठ रनको लक्ष्य पछ्याइरहेको नेपालका दुवै ओपनर पभिलियन फर्केका छन् । कुशल भुर्तेलसँग ओपनिङमा उत्रिएका आसिफ शेख १६ बलमा १२ रन जोडेर सौरभ नेत्राभल्करको बलमा एलबडीडब्लूको शिकार भएका थिए । कुशल १७औं ओभरमा नोस्थुस केन्जिगेको बलमा कट एन्ड बोल्ड भए । नेपालले १७ ओभरमा दुई विकेट गुमाएर ७६ रन जोडेको छ । नेपाललाई जितका लागि ३२५ आभेरमा एक सय ३२ रन आवश्यक छ । पहिलो इनिङमा सयान जहानगिरको अविजित शतकप्रेरित अमेरिकाले नेपाललाई दुई सय आठ रनको लक्ष्य दिएको थियो । जिम्बाब्वेको तकासिङ्घा स्पोर्ट्स क्लबमा टस हारेर ब्याटिङ थालेको अमेरिकाले ४९ ओभरमा सबै विकेट गुमाएर दुई सय सात रनको योगफल तयार गर्यो । अमेरिकाका लागि सातौं नम्बरमा क्रिजमा उत्रिएका जहानगिरले ७९ बलमा १० चौका र तीन छक्कासहित १०० रन पूरा गरे । नेपाली बलिङसामू सघर्षरत अमेरिकाका लागि जहागिर संकटमोचक साबित भए । ओपनर सुशान्त मोदानीले ४२ बाहेक अन्य अमेरिकी ब्याटरले उल्लेख्य प्रदर्शन गर्न सकेनन् । नेपालका लागि करण केसीले ९ ओभरमा ३३ रन खर्चेर तीन मेडनसहित सर्वाधिक चार विकेट लिए । यस्तै, गुल्शन झाले १० ओभरमा ५२ रन खर्चेर तीन तथा दीपेन्द्रसिंह ऐरीले दुई विकेट लिए । ललित राजवंशीले पनि एक अमेरिकी ब्याटरलाई पभिलियन फर्काउँदा सन्दीप लामिछानो विकेटविहीन रहे । आइतबार देखि सुरु भएको विश्वकप छनोटको पहिलो खेलमा नेपाल जिम्बाब्वेसँग आठ विकेटले पराजित भएको थियो । आज दुई सय आठ रनको लक्ष्य पूरा गर्न सके नेपालले प्रतियोगितामा पहिलो जित निकाल्ने छ ।"""
"भीमको उत्कृष्ट ब्याटिङमा नेपाल विजयी","हरारे: भीम सार्कीको अविजित ७७ रनप्रेरित नेपालले आईसीसी क्रिकेट विश्वकप ग्लोबल छनोटको समूह बीमा अमेरिकालाई ६ विकेटले पराजित गरेको छ । जिम्बाब्वेको हरारेस्थित तकासिङ्घा स्पोर्ट्स क्लबमा टस हारेर ब्याटिङ थालेको अमेरिकाले ४९ ओभरमा सबै विकेट गुमाएर दुई सय सात रनको योगफल तयार गरेको थियो । जवाफी ब्याटिङमा उत्रिएको नेपालले ४३ ओभरमा चार विकेट गुमाएर लक्ष्य पूरा गर्यो । नेपालका लागि उत्कृृष्ट ब्याटिङ गरेका भीमले ११४ बलमा ७ चौका र एक छक्कासहित अविजित ७७ रन बनाए । त्यसअघि ओपनर कुशल भुर्तेल ५४ बलमा चार चौका र एक छक्कासहित ३९ रन बनाएर पभिलियन फर्केका थिए । यस्तै, आसिफ शेख १२, कप्तान रोहित पौडेल १६ र कुशल मल्ल १३ रन बनाएर आउट भए । भीमसँग पाँचौं विकेटका लागि ७४ रनको साझेदारी गरेका दीपेन्द्रसिंह ऐरी ३२ बलमा ३९ रन जोडेर अविजित रहे । अमेरिकाका लागि सौरभ नेत्राभल्कर, नोस्थुस केन्जिगे, निसार्ग पटेल र स्टेभन टेलरले एकएक विकेट लिए । पहिलो इनिङमा सयान जहानगिरको अविजित शतकप्रेरित अमेरिकाल दुई सय आठ रनको लक्ष्य दिएको थियो । अमेरिकाका लागि सातौं नम्बरमा क्रिजमा उत्रिएका जहानगिरले ७९ बलमा १० चौका र तीन छक्कासहित १०० रन पूरा गरेका थिए । नेपाली बलिङसामू सघर्षरत अमेरिकाका लागि जहागिर संकटमोचक साबित भए । ओपनर सुशान्त मोदानीले ४२ बाहेक अन्य अमेरिकी ब्याटरले उल्लेख्य प्रदर्शन गर्न सकेका थिएनन् । नेपालका लागि करण केसीले ९ ओभरमा ३३ रन खर्चेर तीन मेडनसहित सर्वाधिक चार विकेट लिए । यस्तै, गुल्शन झाले १० ओभरमा ५२ रन खर्चेर तीन तथा दीपेन्द्रसिंह ऐरीले दुई विकेट लिए । ललित राजवंशीले पनि एक अमेरिकी ब्याटरलाई पभिलियन फर्काउँदा सन्दीप लामिछाने विकेटविहीन रहे । पहिलो खेलमा घरेलु टिमसँग आठ विकेटले पराजित भएको नेपालको प्रतियोगितामा पहिलो जित हो । आजै भएको समूह बीको अर्को खेलमा जिम्बाब्वेले नेदरल्यान्ड्सलाई ६ विकेटले पराजित गरेको छ । पहिले ब्याटिङ गरेको नेदरल्यान्ड्सले ६ विकेट गुमाएर दिएको तीन सय १५ रनको लक्ष्य घरेलु टिमले ४०५ ओभर बाँकी रहँदा चार विकेटको क्षतिमा पूरा गर्यो ।"
"नवीन सोच देशको सामाजिक रुपान्तरण निम्ति अपरिहार्य : प्रधानमन्त्री","काठमाडौं : प्रधानमन्त्री पुष्पकमल दाहाल प्रचण्ड ले नवीन सोच राष्ट्र र जनताको पक्षमा सामाजिक रुपान्तरणका निम्ति अपरिहार्य भएको बताएका छन् । संघीय मामिला तथा सामान्य प्रशासन मन्त्रालयद्वारा आयोजित प्रतिभा डबली कार्यक्रमलाई सम्बोधन गर्दै प्रधानमन्त्री प्रचण्डले यस्तो बताएका हुन् । प्रचण्डले भने, 'मैले विगतदेखि कहिले विद्रोहमा, कहिले शान्ति सम्झौतामा त कहिले संविधानसभामा र अहिले पनि फेरि एउटा नयाँ ध्रुविकरण र प्रक्रियाको निम्ति सामाजिक रुपान्तरणको अभियानमा जारी राखेको पहल पनि नवीन सोचका कारण नै सम्भव भएको हो । प्रधानमन्त्री प्रचण्डले हरदम आफ्नो विचार,सोच र शैलीलाई सृजनात्मक ढंगले विकास गर्ने व्यक्तित्वको आफूले सधैं उच्च मूल्याङ्कन गर्ने गरेको बताए । मानव समाजको विकास पनि नवीन सोचको खोजीको क्रममा भएको हो । मानव र अरु प्राणीबीचको अन्तर पनि विचारको निरन्तर विकासको प्रक्रियासँग सम्बन्धित छ । अहिले २१ औं शताब्दीमा विज्ञानको विकाससँग हामीले हाम्रा सोचहरुलाई अझ नवीन र तीब्रताका साथ बनाउँदै लैजाने र त्यसले आफ्नो कर्मलाई अझ प्रभावकारी बनाउँदै लैजान केन्द्रित हुनु पर्दछ,'उनले भने । 'मलाई विश्वास छ,तपाईंहरुले यो प्रतिभा डबली कार्यक्रमबाट यस्तो सृजनात्मक नवीन सोचलाई प्रोत्साहित गर्न आआफ्नो ठाउँबाट चिन्तनमनन गरिराख्नुभएको छ,'प्रधानमन्त्री प्रचण्डले भने । उनले वर्तमान सरकारले सुशासनलाई जोड दिएको उल्लेख गर्दै सुशासन भनेको आफ्नै सोच र शैलीमा सुधार गर्दै आत्मसमीक्षा गर्ने विधि भएको बताए । उनले भने,त्यसको लागि आफैंभित्र सबैभन्दा पहिला सुशासनको सुरुवात गर्नुपर्दछ । उनले नेपालमा कर्मचारी भित्र क्षमता, प्रतिभा र अनुभव सबै दृष्टिकोणले सक्षम कर्मचारीतन्त्र रहेको विश्वास व्यक्त गरे । प्रधानमन्त्रीले स्थायी सरकारको रुपमा चिनिने कर्मचारीतन्त्रको सेवा प्रवाहको प्रभावकारिताले सरकारको मूल नेतृत्वको सफलता र असफलतालाई पनि प्रत्यक्ष रुपले प्रभावित हुने बताए ।"
"अमेरिकाविरुद्ध भीम सार्कीको अर्धशतक","हरारे : आईसीसी क्रिकेट विश्वकप ग्लोबल छनोटको समूह बीमा अमेरिकाविरुद्ध दुई सय आठ रनको लक्ष्य पछ्याइरहेको नेपालका लागि भीम सार्कीले अर्धशतक बनाएका छन् । जिम्बाब्वेको हरारेस्थित तकासिङ्घा स्पोर्ट्स क्लबमा टस हारेर ब्याटिङ थालेको अमेरिकाले ४९ ओभरमा सबै विकेट गुमाएर दुई सय सात रनको योगफल तयार गरेको थियो । जवाफी ब्याटिङमा उत्रिएको नेपालका लागि वान् डानउमा क्रिजमा उत्रिएका भीमले ९७ बलमा चार चौकासहित ५० रन पूरा गरे । यसअघि ओपनर कुशल भुर्तेल ५४ बलमा चार चौका र एक छक्कासहित ३९ रन बनाएर पभिलियन फर्के । यस्तै, आसिफ शेख १२, कप्तान रोहित पौडेल १६ र कुशल मल्ल १३ रन बनाएर आउट भएका छन् । भीमसँगै क्रिजमा रहेका दीपेन्द्रसिंह ऐरी १६ रन बनाएर खेलिरहेका छन् । नेपालले ३६४ ओभरमा चार विकेट गुमाएर एक सय ६२ रन बनाएको छ । अमेरिकाका लागि सौरभ नेत्राभल्कर, नोस्थुस केन्जिगे, निसार्ग पटेल र स्टेभन टेलरले एकएक विकेट लिएका छन् । पहिलो खेलमा घरेलु टिमसँग आठ विकेटले पराजित भएको नेपाल पहिलो जितको खोजीमा छ ।"
"""सरकारले नेपालचीनको सीमास्तम्भ ५३१ लाई पुनःस्थापना गर्ने","टोली गठन गर्ने निर्णय"",""काठमाडौं : सरकारले नेपालचीनको सीमा स्तम्भ ५३१ लाई पुनस्थापना गर्ने भएको छ । मंगलबार बसेको मन्त्रिपरिषद् बैठकले तातोपानीको झ्याङ्मोमास्थित सीमा चिन्ह स्तम्भ ५३१ लाई यथास्थानमा संयुक्तरूपमा पुनस्पनाका गर्नका लागि टोली गठन गर्ने निर्णय गरेको सञ्चार तथा सूचना प्रविधिमन्त्री रेखा शर्माले जानकारी दिइन् । त्यस्तै बैठकले धुमुर्स सुन्तली फाउण्डेशनले गिरानचौर एकीकृत नमुना बस्ती पुननिर्माण तथा पर्यटन प्रवर्द्धन परियोजनाको स्वामित्वमा रहेको घर जग्गा हस्तान्तरण गर्दा लाग्ने कर छुट दिने निर्णय भएको मन्त्री शर्माले बताइन् । बैठकमा पूर्वी क्षेत्रमा बाढी र पहिरोपछि बेपताको खोजी, राहत र पुनस्थापनाको कामलाई प्रभावकारी ढंगले अघि बढाउने विषयमा छलफल भएको थियो ।"""
"बझाङ दुर्घटना : सुदूरपश्चिमका आन्तरिक मामिला मन्त्री पृथ्वीबहादुर सिंहको निधन","धनगढी : सुदूरपश्चिम प्रदेशका आन्तरिक मामिला तथा कानुन मन्त्री पृथ्वीबहादुर सिंहको निधन भएको छ । बझाङमा भएको जीप दुर्घटनामा गम्भीर घाइते भएका मन्त्री सिंहको उपचारको क्रममा निधन भएको हो । नेपालगन्जको कोहलपुरस्थित मेडिकल कलेजमा उपचारका क्रममा मन्त्री सिंहको निधन भएको भौतिक पूर्वाधार विकास मन्त्री प्रकाश देउवाले अन्नपूर्णलाई जानकारी दिए । यसअघि उनकी पत्नी अमृता सिंह र उनका भाउजु जयदेवी सिंहको निधन भएको थियो । मन्त्री सिंह सवार सुपप्र ०१००१ झ ४८० नम्बरको जीप डडेल्धुराबाट चैनपुर आउने क्रममा मंगलबार दिउँसो १:३० बजे केदारस्युँ गाउँपालिकाको धारछडा भन्ने स्थानमा दुर्घटनामा भएको थियो । जीप सडकबाट अन्दाजी ५० मिटर तल कालंगा खोला किनारमा खसेको थियो ।"
"मरिण गाउँपालिकाको बजेट ५६ करोड","सिन्धुली : सिन्धुलीको मरिण गाउँपालिकाले आगामी आर्थिक वर्ष २०८००८१ का लागि नीति तथा कार्यक्रम र बजेट सार्वजनिक गरेको छ । मंगलबार गाउँपालिकाको दोस्रो गाउँसभा तथा तेस्रो अधिवेशनमा गाउँपालिकाका अध्यक्ष बिमर्श मोक्तान प्रख्यातले आव ०८००८१ का लागि नीति तथा कार्यक्रम र उपाध्यक्ष बिमला माझीले बजेट सार्वजनिक गरेका हुन् । गाउँपालिकाको नीति तथा कार्यक्रम प्रस्तुत गर्दै अध्यक्ष मोक्तानले सार्वजनिक खर्चमा मितव्ययिता, पुँजीगत खर्च वृद्धि, गुणस्तरीय पूर्वाधार निर्माण, सेवा प्रवाहमा सुधार, भ्रष्टाचार नियन्त्रण, उत्पादन र रोजगारी वृद्धि, गरिवि निवारणसहित समावेशी विकास मरिण गाउँपालिकाको प्राथमिकता रहेको बताए । कृषि, शिक्षा, स्वास्थ्य, खानेपानी, सडक, पर्यटन लगायतका भौतिक पूर्वाधारका कार्यक्रम समेत प्राथमिकतामा राखिएको मोक्तानको भनाइ छ । उता सभामा मरिण गाउँपालिकाकी उपाध्यक्ष बिमला माझीले आगामी आर्थिक वर्ष ०८००८१ का लागि ५५ करोड ९६ लाख ५१ हजार ८ सय १ रुपैयाँको बजेट प्रस्तुत गरिन् । माझीले पुँजीगत तर्फ १४ करोड ६७ लाख ५५ हजार र चालु तर्फ ४१ करोड २८ लाख ९६ हजार ८ सय १ रुपैयाँ गरी कुल ५५ करोड ९६ लाख ५१ हजार ८ सय १ रुपैयाँको बजेट सार्वजनिक गरेकी हुन् ।"
"सप्तरी प्रिमियर लिग : छिन्नमस्ता र कञ्चनरुप विजयी","राजविराज : राजविराजमा जारी सप्तरी प्रिमियर लिगको तेस्रो दिन सम्पन्न दुई खेलमा शरद भेसावकर कप्तानीको छिन्नमस्ता लायन्स र अविनाश कर्ण कप्तानीको कञ्चनरुप राइनोज विजयी भएका छन् । दुवै टिमको यो पहिलो जित हो । पहिलो खेलमा छिन्नमस्ता लायन्सले राजविराज द किंगलाई ३६ रनले पराजित गरेको आयोजक सप्तरी क्रिकेट संघले जनाएको छ । छिन्नमस्ताले दिएको १५९ रनको लक्ष्य पछ्याउने क्रममा राजविराज द किंगले १९ ओभरमा सबै विकेट गुमाएर १२२ रनमा सीमित हुन पुग्यो । जसमा अभिषेक कार्कीले सर्वाधिक ४१ रन बनाए । बिक्रम सोबले २८ तथा तृतराज दासले १८ रन बनाए । टस हारेर ब्याटिङ गरेको छिन्नमस्ताले निर्धारित २० ओभर खेल्दै ७ विकेटको क्षतीमा १५८ रन बनाएको थियो । छिन्नमस्ताको लागि राहुल मण्डलले सर्वाधिक ५० रन बनाए । प्लेयर अफ द म्याच घोषित मण्डलले ४० बलमा ५ चौका र ३ छक्का प्रहार गरे । यस्तै शुभ कंसाकारले १९ बलमा ३२ रन बनाए । हिमांशु दत्ता र पप्पु यादवले समान १६ रन बनाए । कप्तान शरद भेसावकरले ११ रन बनाए । राजविराजको तर्फबाट बलिंगमा अभिषेक कार्की, तृतराज दास र सन्तोष कार्कीले २२ तथा बिक्रम सोबले १ विकेट लिए । दोश्रो खेलमा कञ्चनरुप राइनोजले बलान बिहुल सुपर किंग्सलाई ७ विकेटले पराजित गरेको छ । बलान बिहुलले दिएको १३८ रनको झिनो लक्ष्य कञ्चनरुपले १५ ओभरमा ३ विकेटकै क्षतीमा भेटायो । कञ्चनरुपका लागि अमित यादवले सर्वाधिक ६७ रन बनाए । यादवले ४२ बलमा ८ चौका र ३ छक्का प्रहार गरे । सुमित श्रेष्ठले अविजित २७, राकेश कामतले २३ तथा अविनाश कर्णले २१ रन बनाए । चौंथो विकेटका लागि अमित र सुमितले अविजित ६७ रनको साझेदारी गरे । बसिर अहमदले २ तथा रोबिन सिंहले १ विकेट लिए । यसअघि टस जितेर ब्याटिंग रोजेको बलान बिहुल सुपर किंग्सले १७१ ओभरमा सबै विकेट गुमाएर १३७ रन मात्र बनाएको थियो । जसमा पवन सर्राफले सर्वाधिक ५० रन बनाए । उनले २७ बलमा ५ चौका र ४ छक्का प्रहार गरे । बसिर अहमदले २० तथा हसिम अन्सारीले १३ रन बनाए । कन्चनरुपको बलिंगमा राशिद खान, चित्र बिस्ट, पप्पु यादव र सुमित श्रेष्ठले २२ विकेट लिए । प्रतियोगिता अन्तर्गत बुधबार राजविराज द किंग र बजाज खडक वारियर्स तथा कञ्चनरुप राइनोज र रुपनी राइडर्सबीच प्रतिस्पर्धा हुनेछ ।"
"भीमफेदीमा सवारी दुर्घटना हुँदा एक जनाको मृत्यु","हेटौंडा : मकवानपुरको भीमफेदी गाउँपालिका८ गंगटेस्थित सडकखण्डमा सवारी दुर्घटनामा परी एक जनाको मृत्यु भएको छ । मृत्यु हुनेमा हेटौंडा उपमहानगरपालिका३ निवासी ३० वर्षीय विवेक लामा रहेको जिल्ला प्रहरी कार्यालय मकवानपुरका प्रहरी नायव उपरीक्षक टेकबहादुर कार्कीले जानकारी दिए । हेटौंडाकाठमाडौं जोड्ने कान्तिलोकपथ सडकखण्ड अन्तर्गतको सडकमा दिउँसो १:४५ बजेको समयमा काठमाडौंबाट हेटौंडातर्फ आउँदै गरेको बीएसी ०५३७ नम्बरको कार आफैँ अनियन्त्रित भई सडकबाट अन्दाजी ३०० मिटर तल खोँचमा खसेको थियो । त्यस्तै कारमा सवार अर्का एक जना घाइते भएका छन् । भीमफेदी५ बस्ने ४५ वर्षीय राजकुमार बल घाइते भएको र उनलाई उपचारका लागि हेटौंडातर्फ ल्याउँदै गरिएको प्रहरीले जनाएको छ ।"
"आरतीका श्रीमान् र ससुरालाई पूर्पक्षका लागि थुनामा पठाउन आदेश","जनकपुरधाम : धनुषा जिल्ला अदालतले रहस्यमय मृत्यु भएको आरती साहको मुद्दामा अभियुक्त बनाइएका उनका श्रीमान् र ससुरालाई पूर्पक्षका लागि थुनामा पठाउन आदेश दिएको छ । जिल्ला अदालत धनुषाका न्यायाधीश रामप्रसाद न्यौपानेको एकल इजलासले आरतीका श्रीमान् मोतिबाबु साह र ससुरा मदन मोहन ब्याहुत सुडीलाई पुर्पक्षका लागि थुनामा पठाउने आदेश दिएको हो । गत जेठ ७ गते साँझ आफ्नै घरमा मृत अवस्थामा फेला परेकी आरतीको हत्या भएको भन्दै माइती पक्षले जाहेरी दिएपछि प्रहरीले आरतीका श्रीमान् मोतीबाबु र ससुरा मदन मोहनलाई पक्राउ गरी अनुसन्धान गरेको थियो । आफ्नै घरमा झुण्डिएको अवस्थामा फेला परेकी भनिएकी आरतीको घाँटी लगायत शरीरका अन्य भागमा पनि निलडाम तथा घाउचोट भेटिएपछि उनको हत्या भएको भन्दै किटानी जाहेरी दिइएको थियो । त्यसपछि अनुसन्धान गरेको प्रहरीले घटनामा आरतीका श्रीमान् र ससुराको संलग्नतामा घटना भएको देखिएपछि जिल्ला सरकारी वकिल कार्यालय धनुषाले अदालतमा मुद्दा दायर गरेको थियो । गत असार १ गते दर्ता भएको मुद्दामा असार ३ मा लगातार थुनछेक बहस भएको थियो । प्रतिवादीतर्फ धेरै कानुन व्यवसायी रहेको कारण हेर्दा हेर्दैमा राखेर उक्त मुद्दामा बहस सुनिएको थियो । मंगलबार खाजा समय अघि बहस सकिएपछि न्यायाधीश रामप्रसाद न्यौपानेको इजलासले दुवै प्रतिवादीलाई पुर्पक्षका लागि थुनामा पठाउने आदेश दिएको हो । अदालतमा ढुंगामुढा रहस्यमय मृत्यु भएको आरती साह न्याय माग्दै माइतीपक्षले जिल्ला अदालत धनुषामा ढुंगामुढा गरेका छन् । धनुषा प्रहरीले हत्यारालाई जोगाउन खोजेको भन्दै माइतीपक्षले मंगलबार धनुषा जिल्ला अदालत अगाडि प्रदर्शन गर्दै अदालत परिसरमा ढुंगामुढा गरेका थिए । मृतक आरतीको माइतीपक्षले अदालत परिसरमा ढुंगामुढा गर्दा प्रहरीसँग झडप समेत भएको छ । झडपको क्रममा प्रहरीले लाठीचार्ज गर्दा चार जना घाइते भएका छन् । घाइते हुनेहरूमा नगराइन नगरपालिका८ खिरखिरिया बस्ने लिला देवी, लाडो बति देवी, कृष्णा साह र प्रवीण साह छन् । प्रहरीले सोही ठाउँ बस्ने गोविन्द साहलाई पक्राउ समेत गरेको छ । परिवारजनले घटनाको निष्पक्ष अनुसन्धान र दोषीमाथि कारबाहीको माग गर्दै प्रदर्शन गरेका छन् । पीडित परिवारलाई उल्टै धनुषाका एसपी विश्वराज खड्का र डीएसपी वेदप्रसाद गौतमले कुटपिट गरेको भन्दै उनीहरूलाई तत्काल कारबाही गर्न माग गर्दै विरोध गरिएको हो । गत जेठ ७ गते साँझ जनकपुरधाम उपमहानगरपालिका९ थापाचोक बस्ने मोतीबाबु साहका श्रीमती २२ वर्षीय आरतीको रहस्यमय मृत्यु भएको थियो । उनीहरूले एसपी र डीएसपीलाई निलम्बन गरी कारबाही गर्नुपर्ने, जिल्ला न्यायाधिवक्ता, पोस्टमार्टममा संलग्न डाक्टरमाथि अनुसन्धान गरी कारबाही गर्नुपर्ने, हत्याको सीआइबीद्वारा जाँच लगायत ६ सुत्रीय माग राखेका छन् । काठमाडौंमा धर्ना हत्यारालाई कारबाहीको माग गर्दै बुबा आमा सहित परिवारजन गत शनिबार देखि काठमाडौंमा धर्नामा बसेका छन् । धनुषाको मिथिला बिहारी नगरपालिका३ मिथिलेश्वर मौवाही घर भई हाल जनकपुरधाम९ थापा चोकमा रहँदै आएकी २२ वर्षीय आरती कुमारी साहको हत्या दाइजोका कारण गरिएको माइतीपक्षको आरोप छ । दहेजको थप रकम नदिँदा पटकपटक आरतीलाई कुटपिट गर्दै शारीरिक र मानसिक यातना दिँदै आएको थियो । यसअघि पनि आफ्ना छोरीलाई उनका श्रीमान्, ससुरा र सासू मिलेर थप दाइजो माग गर्दै आएको विनोदको दाबी छ । उनले भने, दहेजको थप रकम नदिँदा पटक पटक आरतीलाई उनीहरूले कुटपिट गर्दै शारीरिक र मानसिक तनाव दिँदै आएका थियो । छोरीलाई कुटपिट गरेको देख्दा मैले धेरैपटक रकम पनि दिएँ, उनले भने, अन्ततः उसको श्रीमान्, ससुरा, सासू र देवर मिलेर कुटपिट गर्नुका साथै घाँटी थिचेर हत्या गरे । स्थानीयवासीलाई उद्धृत गर्दै मृतकका बुबा विनोदले भने, घाँटी थिचेपछि आरती कराएकी थिइन्, त्यसपछि टोलका मानिसहरू भेला हुन थालेपछि आरतीले झुण्डेर आत्महत्या गर्यो भन्दै नाटक गरियो । उनले विगतमा पनि पटकपटक थप दहेजका लागि आरतीलाई उनीहरूले दबाब र कुटपिट गर्दै आएको दाबी गरे । दहेजकै रकमका लागि उनको टाउको लगायत शरीरका विभिन्न भागमा कुटपिट गरी घाँटी थिचेर हत्या गरेको विनोदको आरोप छ । आरतीका ससुरा, श्रीमान् र सासूले पोल खुल्ने डरले मृत शरीर नै काव्या अस्पतालमा उपचारका लागि लगेको उनको दाबी छ । उनले आरतीले झुण्डेर आत्महत्या गर्यो भन्दै आफूलाई साँझ फोन गरेर जानकारी गराइए पनि घटना भने दिउँसै घटाइएको जिकिर समेत गरेका छन् ।"
"चुडामणि शर्मासहित आयोगका तीनैजना पदाधिकारीलाई ९ वर्ष जेल सजाय","काठमाडौं : विशेष अदालतले कर फर्छ्यौट आयोगका तीन जना पूर्व पदाधिकारीलाई ९ वर्षजको जेल सजाय सुनाएको छ । त्यस्तै उनीहरूबाट बिगो र जरिवाना गरेर ६ अर्ब १६ करोड ४० लाख ९६ हजार ८४७ रुपैयाँ असुल गर्नुपर्ने सजाय निर्धारण गरेको छ । विशेष अदालतका अध्यक्ष श्रीकान्त पौडेल तथा सदस्यहरू यमुना भट्टराई र शालिग्राम कोइरालाको इजलासले आयोगका अध्यक्ष लुम्बध्वज महतलाई ९ वर्ष १ महिना र सदस्य उमेश ढकाललाई ९ र सदस्य सचिव चुडामणि शर्मालाई पनि ९ वर्ष कैद सजाय सुनाएको हो ।"
"जहानगिरको शतकमा नेपाललाई अमेरिकाले दियो २०८ रनको लक्ष्य","हरारे: सयान जहानगिरको अविजित शतकप्रेरित अमेरिकाले आईसीसी क्रिकेट विश्वकपको ग्लोबल छनोटअन्तर्गत समूह बीमा नेपाललाई दुई सय आठ रनको लक्ष्य दिएको छ । जिम्बाब्वेको तकासिङ्घा स्पोर्ट्स क्लबमा टस हारेर ब्याटिङ थालेको अमेरिकाले ४९ ओभरमा सबै विकेट गुमाएर दुई सय सात रनको योगफल तयार गर्यो । अमेरिकाका लागि सातौं नम्बरमा क्रिजमा उत्रिएका जहानगिरले ७९ बलमा १० चौका र तीन छक्कासहित १०० रन पूरा गरे । नेपाली बलिङसामू सघर्षरत अमेरिकाका लागि जहागिर संकटमोचक साबित भए । ओपनर सुशान्त मोदानीले ४२ बाहेक अन्य अमेरिकी ब्याटरले उल्लेख्य प्रदर्शन गर्न सकेनन् । नेपालका लागि करण केसीले ९ ओभरमा ३३ रन खर्चेर तीन मेडनसहित सर्वाधिक चार विकेट लिए । यस्तै, गुल्शन झाले १० ओभरमा ५२ रन खर्चेर तीन तथा दीपेन्द्रसिंह ऐरीले दुई विकेट लिए । ललित राजवंशीले पनि एक अमेरिकी ब्याटरलाई पभिलियन फर्काउँदा सन्दीप लामिछाने विकेटविहीन रहे । आइतबार देखि सुरु भएको विश्वकप छनोटको पहिलो खेलमा नेपाल जिम्बाब्वेसँग आठ विकेटले पराजित भएको थियो । आज दुई सय आठ रनको लक्ष्य पूरा गर्न सके नेपालले प्रतियोगितामा पहिलो जित निकाल्ने छ ।"
"दोलखामा दुई यातायात समितिबीच सहमति जुटेसँगै यातायात सञ्चालन","दोलखा : दोलखामा दुई यातायात व्यवसायीबीच चार बुँदे सहमतिपछि यातायात सञ्चालनमा आएको छ । रोल्वालिङ यातायात र पूर्व अरनिको यातायातबीच मंगलबार जिल्ला प्रशासन कार्यालय दोलखामा सहमति भएपछि सार्वजनिक यातायात अवरोध हटेको हो । पूर्व अरनिको यातयात प्रालि रोल्वालिङ यातयातका मजदुरहरूबीच एक आपसमा भएको झडपमा भएका घाइते जुन घटना गराएको पक्षले उपचार व्यवस्था मिलाउने, दुवै समितिबीच विगतमा भएको सहमति कार्यान्वयन गर्ने र एकले अर्को समितिको यात्रुवाहक सवारीलाई अवरोध नगर्ने सहमतिपछि दोलखामा यातायात सञ्चालनमा आएको हो । काठमाडौं महानगरपालिकाले नयाँ बसपार्कबाट अनिवार्य बस सञ्चालन गर्नुपर्ने नियम लगाएपछि रोल्वालिङले नयाँ काउन्टर खोलेको थियो । महानगरको नियम मान्ने र नमान्ने अडानका कारण दुई दिनदेखि एकले अर्को समितिको यातायातमा अवरोध गर्दा यातायात सञ्चालन हुन सकेको थिएन । सहमतिपछि दोलखाबाट लामो तथा छोटो दूरीका सार्वजनिक यातायात सञ्चालनमा आएका छन् ।"
"संस्कृति संरक्षणका लागि मौलिक सिंगारु नृत्य प्रतियागिता","जाजरकोट : हरेक कार्यक्रम तथा पर्वमा डिजे र डेक बज्ने जाजरकोट सदरमुकाम खलंगामा लामो समयपछि स्थानीय लोक बाजा घन्किएका छन् । मंगलबार बिहानैदेखि गाउँ गाउँबाट लोक बाजासहित आएका स्थानीय कलाकारले सदरमुकाम खलंगालाई संगीतमय बनाए । स्थानीय संस्कृतिको जगेर्न र संरक्षणका लागि आयोजित स्थानीय मौलिक सिंगारु नृत्य प्रतियोगितामा भाग लिन आएका सहभागीले मादल, कुर्कुटे, खैजेडी, बाँसुरी, टेम्को लगायतका बाजाले सदरमुकाम गुन्जायमान बनाए । जिल्लाका सम्पदा संरक्षण गर्ने उद्देश्यले ठीक एक वर्षअघि स्थापना भएको जाजरकोट सम्पदा संरक्षण प्रतिष्ठानले आफ्नो वार्षिकोत्सवका अवसरमा सिंगारु नृत्य प्रतियोगिताको आयोजना गरेको थियो । स्थानीय कला संस्कृतिको संरक्षण गर्नका लागि जाजरकोटमा खलंगामा आयोजित स्थानीय मौलिक सिंगारु नृत्य प्रतियोगितामा जगतिपुरको सिंगारु नाच प्रथम भएको छ । सिंगारु नृत्यमा नलगाड द्वितीय, बोहरा गाउँको नृत्य तृतिय र पोखरा गाउँको सिंगारु नाच सान्त्वना भएका छन् । नौ वटा समुह सहभागी भएको प्रतियोगितमा प्रथम हुने समूहलाई नगद २५ हजार, द्वितीयलाई २० हजार, तृतियलाई १५ हजार र सान्तोना हुने समूहलाई १० हजार प्रदान गरिएको छ । सहभागी अन्य टिमलाई ५ हजार प्रदान गरिएको प्रतिष्ठानका अध्यक्ष जनक केसीले बताए । सिंगारु नृत्य हेर्न स्थानीयको भीड लागेको थियो । लोप हुन थालेका स्थानीय कला, संस्कृति र सम्पदाको संरक्षण गर्ने उद्देश्यले प्रतियोगिता आयोजना गरिएको अध्यक्ष केसीले बताए । पुरानो पुस्ताले मात्र जानेको र तर नयाँ पुस्ताले स्थानीय मौलिक लोक संस्कृति नसिकेपछि पुस्तान्तरणका लागि प्रतिष्ठानले सम्पदा संरक्षणका लागि विभिन्न कार्यक्रम गर्दै आएको उनको भनाइ छ । कार्यक्रममा लोप हुन थालेका पशुपंक्षी संरक्षणमा महत्वपूर्ण योगदान पुर्याएको भन्दै पशुपंक्षी संरक्षणकर्मी बारेकोटका गोविन्द बहादुर सिंहलाई जाजरकोट ताराको उपाधिले सम्मान गरिएको छ ।"
"मन्त्रिपरिषद् बैठक सुरु","काठमाडौं : सिंहदरवारमा मन्त्रिपरिषद् बैठक सुरु भएको छ । प्रधानमन्त्री पुष्पकमल दाहाल प्रचण्डको आह्वानमा मन्त्रिपरिषद् बैठक बसेको हो । बैठकले समसमायिक विषयवस्तुमा निर्णय गर्ने बताइएको छ ।"
"""नेपालको तेस्रो विकेट झर्यो","१६ रन बनाएर कप्तान रोहित आउट"",""हरारे: आईसीसी क्रिकेट विश्वकपको ग्लोबल छनोटअन्तर्गत समूह बीमा अमेरिकाविरुद्ध दुई सय आठ रनको लक्ष्य पछ्याइरहेको नेपालका दुवै ओपनरसहित कप्तान रोहित पौडेल पभिलियन फर्केका छन् । कुशल भुर्तेलसँग ओपनिङमा उत्रिएका आसिफ शेख १६ बलमा १२ रन जोडेर सौरभ नेत्राभल्करको बलमा एलबडीडब्लूको शिकार भएका थिए । कुशल १७औं ओभरमा नोस्थुस केन्जिगेको बलमा कट एन्ड बोल्ड भए । तेस्रो विकेटका लागि भीम सार्कीसँग ३८ रनको साझेदारी गरेका रोहित २९ बलमा १६रन जोडेर निसराग पटेलको बलमा जसदीप सिंहको हातबाट क्याच भए । नेपालले २९१ ओभरमा तीन विकेट गुमाएर १२६ रन जोडेको छ । नेपाललाई जितका लागि २०५ आभेरमा ८२ रन आवश्यक छ । पहिलो इनिङमा सयान जहानगिरको अविजित शतकप्रेरित अमेरिकाले नेपाललाई दुई सय आठ रनको लक्ष्य दिएको थियो । जिम्बाब्वेको तकासिङ्घा स्पोर्ट्स क्लबमा टस हारेर ब्याटिङ थालेको अमेरिकाले ४९ ओभरमा सबै विकेट गुमाएर दुई सय सात रनको योगफल तयार गर्यो । अमेरिकाका लागि सातौं नम्बरमा क्रिजमा उत्रिएका जहानगिरले ७९ बलमा १० चौका र तीन छक्कासहित १०० रन पूरा गरे । नेपाली बलिङसामू सघर्षरत अमेरिकाका लागि जहागिर संकटमोचक साबित भए । ओपनर सुशान्त मोदानीले ४२ बाहेक अन्य अमेरिकी ब्याटरले उल्लेख्य प्रदर्शन गर्न सकेनन् । नेपालका लागि करण केसीले ९ ओभरमा ३३ रन खर्चेर तीन मेडनसहित सर्वाधिक चार विकेट लिए । यस्तै, गुल्शन झाले १० ओभरमा ५२ रन खर्चेर तीन तथा दीपेन्द्रसिंह ऐरीले दुई विकेट लिए । ललित राजवंशीले पनि एक अमेरिकी ब्याटरलाई पभिलियन फर्काउँदा सन्दीप लामिछानो विकेटविहीन रहे । आइतबार देखि सुरु भएको विश्वकप छनोटको पहिलो खेलमा नेपाल जिम्बाब्वेसँग आठ विकेटले पराजित भएको थियो । आज दुई सय आठ रनको लक्ष्य पूरा गर्न सके नेपालले प्रतियोगितामा पहिलो जित निकाल्ने छ ।"""
"स्काउटको भूमिका प्रसंसनीय छ : पूर्वराष्ट्रपति भण्डारी","काठमाडौं : पूर्वराष्ट्रपति विद्यादेवी भण्डारीले मुलुकलाई अफ्ठ्यारो पर्दा नेपाल स्काउटले खेलेको भूमिकाको प्रसंसा गरेकी छन् । मंगलबार काठमाडौंमा स्काउटको ७२औं स्थापना दिवसको अवसरमा आयोजित कार्यक्रममा पूर्वराष्ट्रपति भण्डारीले कोरोना महामारीदेखि प्राकृतिक विपत्तिमा स्काउले खेलेको भूमिका महत्वपूर्ण रहेको भन्दै प्रसंसा गरिन् । उनले कोरोना महामारीका बेला चिकित्सक परामर्श सेवा, क्यारेन्टीन निर्माण र शव व्यवस्थापनमा समेत गरेको सहयोगप्रति सम्मान व्यक्त गरिन् । सातै प्रदेशमा दक्ष विपत व्यवस्थापन टोली गठन भई विपद प्रतिकार्यमा परिचालन भएको जानकारी पाउँदा हर्ष लागेको उनले बताइन् । उनले समाज रुपान्तरणमा युवा स्काउटले खेलेको भूमिकाले युवाहरुलाई सही दिशा देखाउन सफल भएको जिकिर गरे ।"
"बझाङ दुर्घटनामा मन्त्री सिंहकी पत्नीसहित दुई जनाको मृत्यु (अपडेट)","बझाङ : बझाङमा भएको मन्त्री सवार जीप दुर्घटनामा घाइते भएका दुई जनाको उपचारका क्रममा मृत्यु भएको छ । मृत्यु हुनेमा सुदूरपश्चिमका आन्तरिक मामिलामन्त्री पृथ्वीबहादुर सिंहकी सिंहकी पत्नी अमृता सिंह र उनका भाउजु जयदेवी सिंह रहेका छन् । उनीहरूको केदारस्युँ गाउँपालिकास्थित रायल प्राथमिक स्वास्थ्य केन्द्रमा उपचारका क्रममा मृत्यु भएको केदारस्युँ गाउँपालिका अध्यक्ष गणेश बोहराले पुष्टि गरे । मन्त्री सिंह सवार सुपप्र ०१००१ झ ४८० नम्बरको जीप डडेल्धुराबाट चैनपुर आउने क्रममा मंगलबार दिउँसो १:३० बजे केदारस्युँ गाउँपालिकाको धारछडा भन्ने स्थानमा दुर्घटनामा भएको थियो । जीप सडकबाट अन्दाजी ५० मिटर तल कालंगा खोला किनारमा खसेको थियो । दुर्घटनामा परेर शक्त घाइते बनेका मन्त्री पृथ्वीबहादुर सिंह, चालक धर्मराज जोशी र मन्त्रीका पिएसओ प्रहरी सहायक हवल्दार दिपक भण्डारीलाई नेपाली सेनाको हेलिकप्टरद्वारा नेपालगञ्ज लगिएको छ ।"
"""नेपाललाई झट्का","ओपनर आसिफ आउट"",""हरारे: आईसीसी क्रिकेट विश्वकपको ग्लोबल छनोटअन्तर्गत समूह बीमा अमेरिकाविरुद्ध दुई सय आठ रनको लक्ष्य पछ्याइरहेको नेपालका ओपनर आसिफ शेख आउट भएका छन् । कुशल भुर्तेलसँग ओपनिङमा उत्रिएका आसिफ १६ बलमा १२ रन जोडेर सौरभ नेत्राभल्करको बलमा एलबडीडब्लूको शिकार भए । अहिले क्रिजमा कुशलसँगै भीम सार्की छन् । नेपालले ५२ ओभरमा एक विकेट गुमाएर २५ रन जोडेको छ । पहिलो इनिङमा सयान जहानगिरको अविजित शतकप्रेरित अमेरिकाले नेपाललाई दुई सय आठ रनको लक्ष्य दिएको थियो । जिम्बाब्वेको तकासिङ्घा स्पोर्ट्स क्लबमा टस हारेर ब्याटिङ थालेको अमेरिकाले ४९ ओभरमा सबै विकेट गुमाएर दुई सय सात रनको योगफल तयार गर्यो । अमेरिकाका लागि सातौं नम्बरमा क्रिजमा उत्रिएका जहानगिरले ७९ बलमा १० चौका र तीन छक्कासहित १०० रन पूरा गरे । नेपाली बलिङसामू सघर्षरत अमेरिकाका लागि जहागिर संकटमोचक साबित भए । ओपनर सुशान्त मोदानीले ४२ बाहेक अन्य अमेरिकी ब्याटरले उल्लेख्य प्रदर्शन गर्न सकेनन् । नेपालका लागि करण केसीले ९ ओभरमा ३३ रन खर्चेर तीन मेडनसहित सर्वाधिक चार विकेट लिए । यस्तै, गुल्शन झाले १० ओभरमा ५२ रन खर्चेर तीन तथा दीपेन्द्रसिंह ऐरीले दुई विकेट लिए । ललित राजवंशीले पनि एक अमेरिकी ब्याटरलाई पभिलियन फर्काउँदा सन्दीप लामिछानो विकेटविहीन रहे । आइतबार देखि सुरु भएको विश्वकप छनोटको पहिलो खेलमा नेपाल जिम्बाब्वेसँग आठ विकेटले पराजित भएको थियो । आज दुई सय आठ रनको लक्ष्य पूरा गर्न सके नेपालले प्रतियोगितामा पहिलो जित निकाल्ने छ ।"""
"नेपालविरुद्ध सयान जहानगिरको शतक","हरारे : आईसीसी क्रिकेट विश्वकपको ग्लोबल छनोटअन्तर्गत नेपालविरुद्धको खेलमा अमेरिकी विकेटकिपरब्याटर सयान जहानगिरले शतक बनाएका छन् । जिम्बाब्वेको तकासिङ्घा स्पोर्ट्स क्लबमा टस हारेर ब्याटिङ थालेको अमेरिकाका लागि सातौं नम्बरमा क्रिजमा उत्रिएका जहानगिरले ७९ बलमा १० चौका र तीन छक्कासहित १०० रन पूरा गरे । नेपाली बलिङसामू सघर्षरत अमेरिकाका लागि जहागिर संकटमोचक साबित भएका छन् ।"
"कूटनीतिक परिपक्वता र दुरदर्सिता देखाउन नसके नेपालले असहज परिस्थितिको सामना गर्नुपर्छ : वर्षमान पुन","काठमाडौं : नेकपा माओवादी केन्द्रका उपमहासचिव एवं पूर्वमन्त्री वर्षमान पुन अनन्तले नेपालले भूराजनीतिक जटिलताको संवेदनशीलतालाई केन्द्रमा राखेर कूटनीतिक सम्बन्ध सञ्चालन गर्नुपर्ने बताएका छन् । अन्तर्राष्ट्रिय सम्बन्ध सञ्चालनमा कूटनीतिक परिपक्वता र दुरदर्शिता देखाउन नसके नेपालले अहिलेको भन्दा असहज परिस्थितिको सामना गर्नुपर्ने स्थिति आउन उनको भनाइ छ । मंगलबार सिंहदरबारमा बसेको प्रतिनिधिसभाको अन्तर्राष्ट्रिय सम्बन्ध समिति बैठकमा बोल्दै उपमहासचिव पुनले कूटनीतिक सम्बन्धबारे सत्तापक्ष र प्रतिपक्षबीच समान सोच र धारणा हुनुपर्नेमा जोड दिए । उनले अन्तर्राष्ट्रिय सम्बन्ध सञ्चालन गर्दा दलगत हितभन्दा माथि उठेर राष्ट्रहितलाई प्राथमिकतामा राख्नुपर्ने बताए । उनले भने, हामी भूराजनीतिक जटिलताको सामना गरिरहेका छौं । कूटनीतिक सम्बन्ध सञ्चालन गर्दा राष्ट्रहितलाई प्राथमिकतामा राख्नुपर्छ । राष्ट्रिय स्वार्थलाई गौण बनाएर दलगत स्वार्थमा चल्दा हामी अप्ठेरोमा पर्ने स्थिति छ । पुनले प्रधानमन्त्री पुष्पकमल दाहाल प्रचण्डको भारत भ्रमणका क्रममा प्रथम महिला बारे जवाफ दिने दायित्व परराष्ट्र मन्त्रालयको भएको उल्लेख गरे । प्रधानमन्त्रीको भारत भ्रमणका क्रममा उनकी स्वकीय सचिवसमेत रहेकी पुत्री गंगा दाहालको सक्रियता र कतिपय भेटहरुमा उनको उपस्थितिलाई लिएर एमालेसहित प्रतिपक्षी दलले प्रश्न उठाएका थिए । पुनले राष्ट्रप्रमुख र सरकार प्रमुखको विदेश भ्रमणका समयमा कसलाई प्रथम महिला मान्ने र कसलाई नमान्ने भन्नेबारे स्पष्ट नीति हुनुपर्ने र परराष्ट्र मन्त्रालयले त्यसमा अग्रसरता देखाउनुपर्ने उल्लेख गरे । विगतमा गिरिजाप्रसाद कोइरालादेखि प्रथम राष्ट्रपति डा रामवरण यादव र निवर्तमान राष्ट्रपति विद्यादेवी भण्डारीले समेत विदेश भ्रमणमा छोरीलाई प्रथम महिलाका रुपमा लगेको स्मरण पुनले गरे । श्रीमती नहुँदा सरकार प्रमुख र राष्ट्र प्रमुखले छोरीलाई प्रथम महिलाका रुपमा लाने प्रचलन पहिल्यैदेखिको हो,'उनले भने,यसो गर्न मिल्ने कि नमिल्ने भन्नेबारे स्पष्ट धारणा बनाइएको भए प्रधानमन्त्रीको भ्रमणमा विवाद हुने नै थिएन । राष्ट्रपति र प्रधानमन्त्रीको विदेश भ्रमण को पदमा हुँदा भयो भन्ने आधारमा धारणा बनाउन नमिल्ने तर्क उनले गरे । फरक प्रसंगमा पूर्वऊर्जामन्त्री समेत रहेका पुनले प्रधानमन्त्रीको भारत भ्रमणका क्रममा दिर्घकालीन ऊर्जा व्यापार सम्झौता र समुन्द्रसम्मको पहुँच विस्तार गर्ने विषयमा भएका सहमति महत्वपूर्ण भएको बताए ।"
"हवाई मार्गका विषयमा भारतसँग छलफल सकारात्मक : मन्त्री किराँती","काठमाडौं : संस्कृति पर्यटन तथा नागरिक उड्डयनमन्त्री सुदन किराँतीले योगलाई धार्मिक शारीरिक, मानसिक स्वास्थ्यलाभसँग मात्र नभएर विश्वका मानव कल्याणको साझा ज्ञानसँग जोड्नुपर्ने बताएका छन् । अन्तर्राष्ट्रिय योग दिवसको पूर्वसन्ध्यामा आज बुद्धजन्मस्थल लुम्बिनीमा आयोजित शान्ति र सद्भावका लागि योग अभ्यास कार्यक्रमलाई सम्बोधन गर्दै उनले महर्षि पतञ्जलीले वैज्ञानिकरूपमा सूत्रबद्ध गरे पनि यसका लागि धेरै ऋषिमुनिले योगदान दिएका र त्यसमध्येमा गौतमबुद्धको नाम अग्रपङ्क्तिमा आउने बताए । नेपाल र भारतबीचको सम्बन्ध दुई हजार तीन सय वर्षअघि देखिको व्यापार सम्बन्धिबाट सुरु भएको बताउँदै मन्त्री किराँतीले प्रधानमन्त्रीको भारत भ्रमणले भारतसँगको सम्बन्ध थप सुमधुर बनेको बताए । उनले रामबिना नेपाल र सीता बिनाभारत अपूर्ण हुने पनि स्पष्ट पारे । मन्त्री किराँतीले भैरहवा विमानस्थलको हवाई मार्गका विषयमा भारत सरकारसँग छलफल सकारात्मक रहेको बताए । लुम्बिनी विकास कोष, भारतीय राजदूतावास र पताञ्जली नेपालको आयोजनामा लुम्बिनीमा भएको अन्तरराष्ट्रिय योग दिवस २०२३ का अवसरमा सो कार्यक्रम आयोजना गरिएको थियो । कार्यक्रममा भारतीय राजदूत नवीन श्रीवास्तवले नेपालसँगको सम्बन्धलाई योगले पनि जोडेको बताए । उनले नेपालभारत सम्बन्ध युगौँदेखि रहँदै आएको र प्रधानमन्त्रीको हालै भएको भ्रमणले थप प्रगाढ बनेको बताए । राजदूत श्रीवास्तवले भारत र नेपाल सरकारबीच हवाई मार्गबारे भइरहेको छलफलबाट सकारात्मक नतिजा आउने विश्वास व्यक्त गरे । पतञ्जली योग समिति कपिलवस्तु शाखाका अध्यक्ष कृष्णमुरारी ज्ञवाली र नवलपरासी शाखाका अध्यक्ष नरुपति पाण्डेयले योग अभ्यास गराएका थिए । उक्त दिवसका अवसरमा पतञ्जली र स्थानीयवासीहरु गरी लुम्बिनीमा चार सय जनाले योग अभ्यास गरेका थिए । योगाभ्यासमा मन्त्री किराँतीसहित, लुम्बिनी प्रदेशका मुख्यमन्त्री डिल्लीबहादुर चौधरी, भारतीय राजदूत श्रीवास्तव, रुपन्देहीका प्रमुख जिल्ला अधिकारी भरतमणि पाण्डे, लुम्बिनी विकास कोषका सदस्यसचिव सानुराजा शाक्य, कोषका बोर्ड सदस्यहरु सरिक भएका थिए । बुद्धजन्मस्थल लुम्बिनीमा हुने यस्ता कार्यक्रमले लुम्बिनीको प्रचारप्रसारमा योगदान गर्ने कोषका प्रमुख प्रशासकीय अधिकृत ज्ञानिन राईले बताउनुभयो । प्रत्येक वर्ष जुन २१ तारिखका दिन अन्तरराष्ट्रिय योग दिवस मनाउने गरिन्छ । भारतीय राजदूतावासले नेपालमा प्रत्येक वर्ष योग दिवस मनाउने कार्यक्रमअन्तर्गत यस वर्ष लुम्बिनी र पोखरामा कार्यक्रम गरेको दूतावासका निरज भण्डारीले जानकारी दिनुभयो ।"
"""अमेरिकाविरुद्ध नेपाललाई सातौं सफलता","गुल्शनले लिए विकेट"",""हरारे: आईसीसी क्रिकेट विश्वकपको ग्लोबल छनोटअन्तर्गत अमेरिकाविरुद्ध फिल्डिङ गरिरहेको नेपालका लागि गुल्शन झाले सातौं विकेट लिएका छन् । जिम्बाब्वेको हरारेस्थित तकासिङ्घा स्पोर्ट्स क्लबमा अमेरिकामाथि हाबी बनेको नेपालका लागि ३७औं ओभरमा गुल्शनले निसार्ग पटेलललाई विकेटकिपर आसिफ शेखको हातबाट क्याच गराए । यसअघि, ललित राजवंशीले ओपनर सुशान्त मोदानीलाई बोल्ड गरेका थिए । यस्तै दीपेन्द्रसिंह ऐरीले पाँचौं विकेटको रूपमा गजानन्द सिंहलाई आरिफ शेखको हातबाट क्याच गराएका थिए । दोस्रो ओभर बलिङ गरेका करण केसीले पाँचौं र छैटौ बलमा लगातार विकेट लिएका थिए । ओपनर स्टेभन टेलरलाई एलबीडब्लूको शिकार बनाएका करणले वान् डाउनमा क्रिजमा उत्रिएका साइतेजा मुकामल्लालाई आसिफ शेखको हातबाट क्याच गराएका थिए । आठौं ओभरको पाँचौं बलमा अमेरिकी कप्तान आरोन जेम्सलाई कुशल भुर्तेलको हातबाट क्याच गराएका थिए । नेपालका लागि धारिलो बलिङ गरेका करणले चौथो विकेटका रुपमा नोस्थुस केन्जिगेलाई एक रनमा आसिफकै हातबाट क्याच गराए । अमेरिकाले ३७ ओभरमा सात विकेट गुमाएर १२९ रन बनाएको छ ।"""
"चार लाख घुससहित तीन कर्मचारी पक्राउ","काठमाडौं : अख्तियार दुरुपयोग अनुसन्धान आयोगले ग्रामीण सडक सुधार आयोजना कार्यान्वयन इकाई दमक झापामा कार्यरत आयोजना व्यवस्थापकसहित तीन कर्मचारीलाई चार लाख घुस रकमसहित पक्राउ गरेको छ । आयोगका प्रवक्ता भोला दाहालका अनुसार आयोगको टंगाल र इटहरीबाट गएको संयुक्त टोलीले आयोजना व्यवस्थापक हुतराज चौहान,इञ्जिनियर रविन्द्रकुमार शर्मा र लेखापाल हिमाल पौडेललाई घुससहित कार्यालय परिसरबाटै पक्राउ गरेको हो । सडक निर्माणका लागि अन्तिम बिल भुक्तानीका लागि सहजीकरण गरिदिए वापत उनीहरुले निर्माण व्यवसायीबाट घुस लिएको अवस्थामा मंगलबार नियन्त्रणमा लिइएको हो । उनीहरूमाथि थप अनुसन्धान भइरहेको अख्तियारले जनाएको छ ।"
"गहवामाई रथयात्रामा उर्लियो जनसागर","वीरगन्ज : वीरगन्जमा मंगलबार पहिलो पटक गहवामाई रथयात्रा निकालिएको छ । गहवामाईको नवनिर्मित मन्दिरको ११ औं वर्ष पूरा भएको अवसरमा रथयात्रा निकालिएको हो । गहवामाई मन्दिर प्रांगणबाट मंगलबार बिहान साढे ७ बजे सुरु भएको रथयात्रामा नगरपरिक्रमापछि बिहान ११ बजे पुनः मन्दिर परिसरमा पुगेर समापन भयो । रथयात्रामा पर्सा, बारा, रौतहट र सीमावर्ती भारतका विभिन्न स्थानबाट हजारौंको संख्यामा आएका हिन्दू भक्तजन र दर्शनार्थीहरूको सहभागिता थियो । गहवामाई माताको मूर्ति काठको रथमा राखेर निकालिएको रथयात्रा माईस्थान चोक, घणटघर , रेल्वे रोड हुँदै छपकैया, वीर्ता, अलखियामठ , आदर्शनगर चोक, महावीरस्थान, माईस्थान चोक हुँदै पुन मन्दिर प्रांगणमा पुगेर समापन भएको हो । रथ यात्रमा हिन्दु धर्म र संस्कृति झल्किने झाँकी पनि प्रदर्शन गरिएको थियो । झाँकी र पञ्चेबाजासहित निकालिएको रथयात्रामा हजारौंको संख्यामा सहभागी भक्तजनले जयमाता दी लेखिएको भगवा झण्डा बोकेका थिए । रथयात्रामा सहभागी भक्तजनका लागि विभिन्न संघसंस्थाले नगरका ठाउँ ठाउँमा चिसो पानी, सर्बत, लस्सी र जुस निःशुल्क वितरण गरेका थिए । मंगलबार नै साँझ मन्दिर परिसरमा भजनकृतन आयोजना गरिने गहवामाई रथयात्रा समितिका अध्यक्ष श्याम पोखरेलले बताए । बुधबार बिहान गहवामाईलाई ५६ प्रकारको भोग चढाइने र त्यसपछि भक्तजन तथा दर्शनार्थीका लागि भण्डारा सञ्चालन गरी महाप्रसाद वितरण गरिने समितिका सदस्य मुन्ना सर्राफले जानकारी दिए । अध्यक्ष पोखरेलका अनुसार, रथ निर्माणमा करिब ४ सय घनफिट काठ प्रयोग गरिएको छ । रथ निर्माणको लागत मात्रै करिब २० लाख रुपैयाँ रहेको उनले बताए । भारत र नेपालका गरी १० भन्दा बढी कारिगरले रथ निर्माण गरेका हुन् ।"
"""अमेरिकाको पाँचौं विकेट झर्यो","दीपेन्द्रले लिए विकेट"",हरारे: आईसीसी क्रिकेट विश्वकपको ग्लोबल छनोटअन्तर्गत अमेरिकाविरुद्ध टस जितेर फिल्डिङ गरिरहेको नेपालले पाँचौं विकेट लिएको छ । जिम्बाब्वेको हरारेस्थित तकासिङ्घा स्पोर्ट्स क्लबमा कसिलो बलिङ गरेको नेपालका लागि दीपेन्द्रसिंह ऐरीले पाँचौं विकेटको रूपमा गजानन्द सिंहलाई आरिफ शेखको हातबाट क्याच गरे । यसअघि दोस्रो ओभर बलिङ गरेका करणले पाँचौं र छैटौ बलमा लगातार विकेट लिएका थिए । ओपनर स्टेभन टेलरलाई एलबीडब्लूको शिकार बनाएका करणले वान् डाउनमा क्रिजमा उत्रिएका साइतेजा मुकामल्लालाई आसिफ शेखको हातबाट क्याच गराएका थिए । आठौं ओभरको पाँचौं बलमा अमेरिकी कप्तान आरोन जेम्सलाई कुशल भुर्तेलको हातबाट क्याच गराएका थिए । नेपालका लागि धारिलो बलिङ गरेका करणले चौथो विकेटका रुपमा नोस्थुस केन्जिगेलाई एक रनमा आसिफकै हातबाट क्याच गराएका हुन् । अमेरिकाले २५ ओभरमा पाँच विकेट गुमाएर ८० रन बनाएको छ ।"
"भारतको संसद् भवनमा राखिएको नक्साबारे प्रतिवेदन पठाउन दिल्लीस्थित नेपाली दूतावासलाई निर्देशन दिइसकेका छौं : परराष्ट्रमन्त्री","काठमाडौं : परराष्ट्रमन्त्री एनपी साउदले भारतले संसद भवनमा राखिएको म्युरल (नक्सा) बारे प्रतिवेदन पठाउन नयाँ दिल्लीस्थित राजदूतावासलाई निर्देशन दिएको बताएका छन् । मंगलबार सिंहदरबारमा बसेको संघीय संसदको अन्तर्राष्ट्रिय सम्बन्ध समितिको बैठकमा बोल्दै परराष्ट्रमन्त्री साउदले म्युरलबारे भारतीय पक्षसँग बुझेर प्रतिवेदन पठाउन दूतावासलाई निर्देशन दिइसकिएको बताएका हुन् । मन्त्री साउदले नवनिर्मित भारतीय संसद भवनमा राखिएको म्युरलमा सम्राट अशोकको समयमा उनको साम्राज्यको फैलावट जनाइएको क्याप्सनमा लेखिएको बारे पनि समितिलाई जानकारी गराएका थिए । उनले भने, 'यो विषय राजनीतिक विषय नरहेको भनेर भारत सरकारका तर्फबाट आधिकारिक धारणा समेत विदेशमन्त्रीबाट आइसकेको व्यहोरा समितिलाई अवगत छ ।यस विषयमा भारतीय पक्षसँग कुरा गरी प्रतिवेदन पठाउन नयाँ दिल्लीस्थित नेपाली राजदूतावासलाई निर्देशन दिइसकिएको छ । भारतीय संसद भवनमा राखिएको म्युरलबारे सरकारको गम्भीर ध्यानाकर्षण भएको भन्दै उनले नेपालको अन्तराष्ट्रिय सीमाबारे समिति, समितिका सदस्य, सरकार सबै स्पष्ट र दृढ रहेका पनि बताए । यस विषयमा हाम्रो राष्ट्रिय सहमति रहेको छ । २०७७ असार ४ मा संविधानको दोस्रो संशोधनमार्फत् नयाँ नक्सा समेटी संविधानको अनुसूची ३ मा रहेको नेपालको निशाना छाप अद्यावधीक गरिएको तथ्य अवगत नै छ,'उनले भने । उनले प्रधानमन्त्री पुष्पकमल दाहाल प्रचण्डको भारत भ्रमणका क्रममा उक्त म्युरलबारे भारतीय सञ्चारमाध्यमलाई दिएको अन्तर्वार्ताका बारेमा पनि प्रष्ट पारेका थिए । मन्त्री साउदले भने,मैले केही साताअघि एक भारतीय मिडियालाई दिएको अन्तर्वातामा यस विषयका बारेमा बोलेको कुरा लाई लिएर भएको चर्चाबारे पनि स्पष्ट पार्न चाहन्छु,उक्त समयमा सो म्युरलसँग सम्बन्धित जानकारी पूर्णरुपमा आइसकेको थिएन । प्रष्ट जानकारीको अभावमा यो विषयमा कुनै ठोस टिप्पणी गर्नको लागि त्यो उपयुक्त समय थिएन । मन्त्री साउदले नेपालको सार्वभौम सत्ता, राष्ट्रिय अखण्डता, स्वतन्त्रता र अन्तराष्ट्रिय सिमानामा कुनै आँच आउन नदिन र नेपालको एक इन्च जमिन पनि अतिक्रमण हुन नदिन सरकार पूर्ण प्रतिवद्ध रहेको स्पष्ट पारे ।"
"बझाङमा सुदूरपश्चिम सरकारका आन्तरिक मामिलामन्त्री सिंह सवार जीप दुर्घटना","बझाङ : बझाङमा सुदूरपश्चिम सरकारका मन्त्री सवार जीप दुर्घटनामा परेको छ । सुदूरपश्चिम सरकारका आन्तरिक मामिला तथा कानुनमन्त्री पृथ्वीबहादुर सिंह सवार सुपप्र ०१००१ झ ४८० नम्बरको जीप डडेल्धुराबाट चैनपुर आउने क्रममा केदारस्युँ गाउँपालिकाको धारछडा भन्ने स्थानमा दर्घटनामा परेको हो । जीप सडकबाट करिब ५० मिटर तल कालंगा खोला किनारमा खसेको छ । दुर्घटनामा मन्त्री सिंहसहित चारजना घाइते भएका छन् । मन्त्री सिंहको खुट्टा र अनुहारमा चोट लागेको छ । उनको केदारस्युँ गाउँपालिका १ देउरास्थित ॠतु पोलिक्लिनिकमा उपचार भइरहेको छ । अन्य घाइते तीनजनाको रायल प्राथमिक स्वास्थ केन्द्र देउरामा उपचार भइरहेको छ । घटनाबारे थप विवरण आउन बाँकी छ ।"
"""नागरिकता माग गर्दै प्रदर्शन गर्ने समूहमाथि प्रहरीको लाठी","३४ जना पक्राउ"",""काठमाडौं : नागरिकता माग गर्दै माइतीघरमा आन्दोलन गरिरहेका समूहमाथि प्रहरीले लाठीचार्ज गरेको छ । यसक्रममा आन्दोलनरत सरोज शाहले माइतीघरमै आत्महत्या प्रयास गरेका छन् । उपत्यका प्रहरी कार्यालयका प्रवक्ता दिनेश मैनालीका अनुसार आत्महत्या प्रयास गर्ने शाहलाई उद्धार गरिएको छ । लामो समयदेखि नागरिकता नपाएका बाराका सरोज शाहले घाँटीमा डोरी लगाएर आत्महत्या प्रयास गरेका थिए । सर्वोच्च अदालतले नागरिकता विधेयक कार्यान्वयनमा रोक लगाएपछि नागरिकताविहीन संघर्ष समितिले माइतीघरमा निरन्तर प्रदर्शन गर्दै आएको छ । उपचारका लागि शाहलाई ट्रमा सेन्टर लगिएको छ । संघर्ष समिति का राष्ट्रिय अध्यक्ष इन्द्रजीत साफि भन्छन्, नागरिकताविहीन नेपालीको दुख र संवेदनामाथि सम्बन्धित पक्षले रातदिन खेलवाड गरिरहेको छ । कहिले संसदले त सरकारले त कहिले अदालतले हाम्रो अधिकार हनन् गरिरह्यो । साफिका अनुसार संघर्ष समिति का ३४ जनालाई प्रहरीले पक्राउ गरेको छ । नागरिकता ऐन कार्यान्वयनमा लैजानुपर्ने माग राख्दै उनीहरूले आन्दोलन गरेका हुन् । यही समूहले आज सर्वोच्च अदालत परिसरमा नारा जुलुस गरेको थियो । निषेधित क्षेत्रमा नारा जुलुस गरिएको भन्दै प्रहरीले ३४ जनालाई नियन्त्रणमा लिएको हो । साफि भन्छन्, शान्तीपूर्ण रूपमा माइतीघरमा आन्दोलन गरिरहेका हामीमाथि प्रहरीले अमानवीय तरिकाले कुटपिट गर्यो । प्रहरीको लाठी प्रहारबाट धेरै मान्छे घाइते भएका छन् । एक जनाको टाउको फुटेको छ । २ जना गम्भीर घाइते हुनुहुन्छ । नागरिकता ऐन रोकेर हामीलाई थप पीडा र दुख दिने हो भने हामी कडा रूपमा आन्दोलन गर्छौं ।'"""
"विपद् व्यवस्थापनका लागि नगरपालिकालाई सामग्री हस्तान्तरण","सन्धिखर्क : अर्घाखाँचीको शितगंगा नगरपालिकालाई विपद् व्यवस्थापन तथा बाँदर धपाउने यन्त्र हस्तान्तरण गरिएको छ । नगरपालिकाभित्र हुनसक्ने बाढी, पहिरो, आगलागी र अन्य दुर्घटना लगायतका विपदबाट स्थानीयलाई बचाउनका लागि लाइफ ज्याकेट, हेल्मेट, स्ट्रेचर, गमबुट लगायतका सामग्री प्रदान गरिएको हो । आइपास नेपालको आर्थिक सहयोगमा करिब ११ लाख रुपैयाँका सामग्री नगरपालिकामार्फत वडाअध्यक्षलाई प्रदान गरिएको हो । यसैगरी सुरक्षित गर्भपतन गराउने स्वास्थ्य सामग्री ६ वटा वडाका स्वास्थ्य चौकीलाई वितरण गरिएको छ ।"
"एमालेले बुझायो स्वास्थ्यमन्त्रीलाई ११ बुँदे ज्ञापनपत्र","काठमाडौं : प्रमुख प्रतिपक्षी नेकपा एमालेले विगतको सरकारले अघि बढाएको आधारभूत अस्पतालको निर्माण प्रक्रिया अघि बढाउन माग गर्दै स्वास्थ्यमन्त्री मोहनबहादुर बस्नेतलाई ज्ञापन पत्र बुझाएको छ । मंगलबार एमाले स्वास्थ्य तथा जनसंख्या विभागका प्रमुख कृष्ण गोपाल नेतृत्वको टोलीले विगतको सरकारले ३९६ स्थानमा आधारभूत अस्पतालको शिलान्याश गरेपनि अहिले बजेटका अभावका कारण निर्माणले गति लिन नसकेको भन्दै निर्माण प्रक्रिया अघि बढाउन माग गर्दै स्वास्थ्यमन्त्री बस्नेतलाई ११ बुँदे ज्ञापन पत्र बुझाएको हो । त्यस्तै एमालेले संघीय स्वास्थ्य सेवा ऐन तत्काल ल्याउनुपर्ने तथा जनस्वास्थ्य सेवा ऐन २०७५ र जनस्वास्थ्य सेवा नियमावली २०७७ को पूर्ण कार्यान्वयन लगाएतका ११ बुँदे माग अघि सारेको छ । ज्ञापन पत्र बुझाउँदै एमाले स्वास्थ्य तथा जनसंख्या विभागका प्रमुख श्रेष्ठले स्वास्थ्य सेवामा देखिएका समस्या समाधान गर्दै स्वाथ्यकर्मीलाई देशमै काम गर्ने वातावरण बनाउनुपर्ने धारणा राखे । उनले स्वास्थ्य जस्तो महत्वपूर्ण क्षेत्रमा बजेट कम हुनु उचित नभएको उल्लेख गरे । त्यस्तै ज्ञापनपत्र बुझ्दै स्वास्थ्य मन्त्री बस्नेतले स्वास्थ्य सम्बन्धी विषयमा आएका सुझाव महत्वपूर्ण रहेको भन्दै यसलाई आवश्यक छलफल गरेर कार्यान्वयनमा लैजाने प्रतिवद्धता जनाए । उनले स्वास्थ्य बिमालाई थप प्रभावकारी बनाइने,सबै जनतालाई सहज रुपमा स्वास्थ्योपचारको व्यवस्था गर्न ध्यान केन्द्रीत गरेको उल्लेख गरे । एमालेले दरबन्दी अनुसारको जनशक्ति व्यवस्था गर्नुपर्ने,महामारीजन्य रोगहरुको रोकथाम तथा नियन्त्रणको पूर्वतयारी गर्नुपर्ने लगायतका विषयमा सरकारको ध्यानाकर्षण गराएको छ ।"
"""अमेरिकाको आधा टिम पभिलियन फिर्ता","ललितले दिलाए छैटौं विकेट"",हरारे: आईसीसी क्रिकेट विश्वकपको ग्लोबल छनोटअन्तर्गत नेपालविरुद्ध टस हारेर ब्याटिङ थालेको अमेरिकाको २८औं ओभरमा आधा टिम पभिलियन फिर्ता भएको छ । जिम्बाब्वेको हरारेस्थित तकासिङ्घा स्पोर्ट्स क्लबमा कसिलो बलिङ गरेको नेपालका लागि ललित राजवंशीले ओपनर सुशान्त मोदानीलाई बोल्ड गरे । त्यसअछि दीपेन्द्रसिंह ऐरीले पाँचौं विकेटको रूपमा गजानन्द सिंहलाई आरिफ शेखको हातबाट क्याच गराएका थिए । यसअघि दोस्रो ओभर बलिङ गरेका करणले पाँचौं र छैटौ बलमा लगातार विकेट लिएका थिए । ओपनर स्टेभन टेलरलाई एलबीडब्लूको शिकार बनाएका करणले वान् डाउनमा क्रिजमा उत्रिएका साइतेजा मुकामल्लालाई आसिफ शेखको हातबाट क्याच गराएका थिए । आठौं ओभरको पाँचौं बलमा अमेरिकी कप्तान आरोन जेम्सलाई कुशल भुर्तेलको हातबाट क्याच गराएका थिए । नेपालका लागि धारिलो बलिङ गरेका करणले चौथो विकेटका रुपमा नोस्थुस केन्जिगेलाई एक रनमा आसिफकै हातबाट क्याच गराएका हुन् । अमेरिकाले २८ ओभरमा ६ विकेट गुमाएर ९४ रन बनाएको छ ।"
"निःशुल्क शिक्षा कार्यान्वयन वडा घोषणा","काभ्रे : जिल्लाको बेथानचोक गाउँपालिका१ लाई अनिवार्य तथा निःशुल्क शिक्षा कार्यान्वयन वडा घोषणा गरिएको छ । वडाभित्र रहेका चार वर्ष पूरा भइ १३ वर्ष उमेर पूरा नभएका सबै बालवालिकाहरू विद्यालयको पहुँचमा भएको कारण सोमबार अनिवार्य तथा निःशुल्क शिक्षा कार्यान्वयन वडा घोषणा गरिएको वडाध्यक्ष मधुसुधन तिमल्सिनाले बताए । वडावासीलाई निःशुल्क शिक्षाको अनुभूति दिलाउनका लागि घोषणा गरिएको हो । पालिकाले निःशुल्क शिक्षामा जोड दिएको अध्यक्ष भगवान अधिकारीले जानकारी दिए । माध्यमिक तहसम्मको शिक्षा व्यवस्थापनको जिम्मेवारी स्थानीय तहमा आएकाले जनप्रतिनिधिहरूले शिक्षासम्बन्धी विभिन्न नीति, कार्यक्रम सार्वजनिक गरे पनि नीति तथा कार्यक्रम कार्यान्वयनका लागि भने बजेटकै अभाव हुने उनले बताए ।"
"समाजवादी मोर्चाको औचित्य छैन : एमाले सचिव भट्ट","बिस्नप्रसाद न्यौपाने वीरेन्द्रनगर : नेकपा एमालेका सचिव एवं कर्णाली प्रदेश इन्चार्ज लेखराज भट्टले समाजवादी मोर्चाको कुनै औचित्य नरहेको बताएका छन् । मंगलबार प्रेस चौतारी नेपाल कर्णाली प्रदेशले वीरेन्द्रनगरमा आयोजना गरेको पत्रकार सम्मेलनमा नेता भट्टले यो मोर्चाले कुनै नयाँ चिज दिन नसक्ने बताउँदै यस्तो बताएका हुन् । उनले सरकारले ल्याएको बजेट पास गर्नेमा विषयमा गठबन्धनका दलहरू नै अन्योलमा रहेको बताए । उनले भने, बजेट अर्थनीतिलाई माथि उकास्ने खालको छैन । बजेटमा अर्थतन्त्रमा देखिएका समस्याहरू सुधारका कार्यक्रमहरू देखिएको छैन । बजेट वितरणमुखी परम्परागत तरिकाले आएको छ । कर नीतिमा पनि ठीक नभएकाले यसलाई पास गर्ने विषयमा गठबन्धनभित्र नै अन्यौलता देखिएको छ । यस्तै नेकपा एमालेले पाटीको प्रदेश अधिवेशन आगामी भदौमा गर्ने निर्णय पनि गरेको छ । दुई दिन अगाडि बसेको प्रदेश कमिटीको बैठकले आगामी भदौ २९ र ३० गर्ने निर्णय गरेको हो ।"
"""कोसी प्रदेशमा बाढी र पहिरोको कहर : ९ जनाको मृत्यु","२७ बेपत्ता,१६३ परिवार विस्थापित"",""विराटनगर : भीषण वर्षापछि आएको बाढी र पहिरोमा परेर कोसी प्रदेशमा मृत्यु हुनेको संख्या ९ पुगेको छ । २७ जना अझै बेपत्ता छन् । बाढी र पहिरोमा परेर ६ जना घाइते भएका छन् । पहिरोमा फसेका १३ जनाको उद्धार गरिएको छ । नेपाली सेनाको टोलीले पाँचथरबाट १२ र ताप्लेजुङबाट १ जनाको उद्धार गरेको हो । उद्दार गरिएकाको व्यवस्थापनका लागि प्रहरी खटाइएको छ । बाढी र पहिरोमा परेर हालसम्म ताप्लेजुङ र पाँचथरमा ३३, संखुवासभामा २ तथा भोजपुरमा १ जनाको मृत्यु भएको हो । मृतकमध्ये ७ जना पुरुष, १ महिला र १ जना बालिका रहेका छन् । संखुवासभाको चैनपुर नगरपालिका१० निगुरेमा सोमबार साँझ १ जना पुरुषको शव फेला परेको थियो । सुपर हेंवा हाइड्रोपावरबाट बेपत्ता भएका पुरुषको शव भेटिएको हो । कम्मरदेखि मनिको भाग मात्रै फेला परेका पुरुषको पहिचान खुल्न बाँकी रहेको प्रहरीले जनाएको छ । संखुवासभामा हालसम्म २ जनाको मृत्यु भइसकेको छ । कोसी प्रदेशको आन्तरिक मामिला तथा कानुन मन्त्रालयका अनुसार मृत्यु हुनेमा पाँचथरको फालेलुङ गाउँपालिका४ की ८ वर्षीया जुना साउदेन, फिदिम नगरपालिका११ घर भइ माउण्टेन बी हाइड्रोमा सेक्युरिटी गार्डको रूपमा कार्यरत २८ वर्षीय हेमराज भनिने संजोग लिम्बू र २५ वर्षीया एलिसा माझी रहेका छन् । त्यस्तै, ताप्लेजुङको सिदिङ्वा गाउँपालिका६ का ३० वर्षीय गणेश तामाङ, मुखुभन्ज्याङका ६७ वर्षीय केशर राई र ३६ वर्षीय सुरेश राईको पनि मृत्यु भएको छ । भोजपुरको टेम्केमैयुङ गाउँपालिका८ का ३२ वर्षीय मन्दीप राई र संखुवासभाको पाँचखपन नगरपालिका९ का २६ वर्षीय सन्तोश राईको मृत्यु भएको मन्त्रालयले जनाएको छ । संखुवासभामा आधा शव फेला परेका पुरुषको पहिचान खुलेको छैन । शव पोस्टमार्टमका लागि जिल्ला अस्पताल खाँदबारी लगिएको छ । बाढी र पहिरोमा परेर संखुवासभामा ३, ताप्लेजुङमा २ र पाँचथरमा १ जना घाइते भएका छन् । संखुवासभामा बर्दियाका २५ वर्षीय राजेश श्रेष्ठ, ३५ वर्षीय दीपकराज थारु तथा संखुवासभाकै चैनपुर७ का २५ वर्षीय राजेश श्रेष्ठ घाइते भएका छन् । ताप्लेजुङमा मैवाखोला गाउँपालिका२ का ४० वर्षीय भीम तामाङ र ४५ वर्षीय राजकुमार राई तथा पाँचाथरको फालेलुङ३ की ६७ वर्षीया रनमाया राई घाइते भएका छन् । बाढी र पहिरोमा परेर संखुवासभामा २१, पाँचथर र ताप्लेजुङमा ३३ जना बेपत्ता भएका छन् । बेपत्ताको खोजी जारी राखिएको कोसी प्रदेश प्रहरी प्रमुख डीआईजी राजेशनाथ बास्तोलाले बताए । उनका अनुसार बेपत्ताको खोजी एवं उद्दारमा नेपाली सेना, नेपाल र सशस्त्र प्रहरी परिचालित छ । स्थानीयले पनि खोज एवं उद्धारमा सुरक्षा निकायलाई सहयोग गरिरहेका छन् । बाढी र पहिरोमा परेर हालसम्म १ सय ६३ परिवार विस्थापित बनेका छन् । ताप्लेजुङमा ८०, पाँचथरमा ६८ र संखुवासभामा १५ परिवार विस्थापित भएको तथ्यांक मन्त्रालयसँग छ । मन्त्रालयका अनुसार विभिन्न जिल्लामा ४३ वटा घरहरु भत्किएका छन् । संखुवासभामा २४, पाँचथरमा १०, ताप्लेजुङमा ६ र इलाममा ३ वटा घर भत्किएर क्षति भएको हो । बाढी एवं पहिरोका कारण विभिन्न ४ वटामा जिल्लाका १६ वटा सडक अवरुद्ध बनेका छन् । पाँचथरमा ६, ताप्लेजुङमा ४, इलाम र संखुवासभामा ३३ वटा सडक अवरुद्ध बनेका हुन् । विभिन्न जिल्लामा २३ वटा पुलमा क्षति पुगेको छ । पाँचाथरमा १५, संखुवासभामा ६ र ताप्लेजुङमा २ वटा पुल क्षतिग्रस्त बनेको मन्त्रालयको विवरणमा उल्लेख छ । त्यस्तै विभिन्न जिल्लामा रहेका १३ वटा हाइड्रोपावरमा क्षति पुगेको छ । संखुवासभामा ८, पाँचथरमा ३ र ताप्लेजुङमा २ वटा हाइड्रोमा क्षति पुगेको हो ।"""
"नागरिकता दिएर नागरिकको भविष्य बनाऔं : मानव अधिकार आयोग","काठमाडौं : दशौं लाख नेपाली आमाबुवाका सन्तानले नागरिकता नपाउँदा उनीहरूको मानव अधिकार खोसिएको छ । नागरिकता नहुँदा व्यक्तिको सम्मानपूर्वक बाँच्न पाउने हक समेत खोसिएको राष्ट्रिय मानव अधिकार आयोगले जनाएको छ । नागरिकताको विषय नागरिकको राष्ट्रियता, शिक्षा आर्जन गर्ने, पेसा र रोजगारी प्राप्त गर्ने, सम्पत्तिको अधिकार, सामाजिक न्यायलगायतका हरेक पक्षसँग जोडिएको आयोगका प्रवक्ता डा टीकाराम पोखरेलले बताए । नागरिकता प्राप्त गर्ने अधिकारको संरक्षणका लागि आयोगमा पीडितहरूले ज्ञापनपत्र समेत बुझाएका थिए । यस बारे आयोगले सोमबार आधिकारी धारणा समेत सार्वजनिक गरेको छ । नागरिकता प्राप्तिको अधिकारबाट नेपालीलाई वञ्चित गर्न नहुने आयोग भनाइ छ । नागरिकता प्राप्तिका लागि धर्ना, आन्दोलन एवम् आत्मदाहको प्रयास गर्ने अवस्थाको सिर्जना हुनु लोकतान्त्रिक राज्यका लागि अत्यन्त दुःखदायी स्थिति रहेको आयोगले जनाएको छ । मानव अधिकारको विश्वव्यापी घोषणापत्र, १९४८ को धारा १५ ले प्रत्येक व्यक्तिलाई राष्ट्रियताको हक हुने उल्लेख गरेको छ, आयोगले सार्वजनिक गरेको प्रेस विज्ञप्तिमा भनिएको छ, संविधानको धारा १० मा कुनै पनि नेपाली नागरिकलाई नागरिकता प्राप्तिको हकबाट वञ्चित गरिने छैन यस्ता कानूनी प्रावधानले पनि नागरिकता पीडितहरूको माग सम्बोधन नहुनु दुःखद रहेको आयोगको बुझाई छ । जन्मसिद्ध नागरिकता भएका व्यक्तिका सन्तानलाई सरकारले नागरिकताबाट बञ्चित गरेको भन्दै पीडितहरूले जेठ २२ गतेदेखि काठमाडौंको माइतीघर मण्डलामा धर्नामा दिँदै आएका छन् । धर्ना स्थालमा मानव अधिकार आयोगले स्थलगत अनुगमन पनि गरेको छ । अनुगमनको क्रममा १६ वर्षदेखि ३५ वर्षसम्मका नागरिकहरू धर्नामा बसेको पाइएको थियो । यो उमेर समूहका नागरिकहरूले अध्ययन, पेसा, व्यवसाय गरी जीवन यापन गर्न समस्या भइरहेको आयोगले जनाएको छ । नागरिकता नहुँदा उच्चशिक्षा अध्ययन गर्न, वैदेशिक रोजगारमा जान, नेपालमै रोजगारी तथा पेसा व्यवसाय गर्न नपाएको पाइएको छ, आयोगका प्रवक्ता डा टीकाराम पोखरेलले भने । व्यक्तिको सम्मानपूर्वक बाँच्न पाउने अधिकारका सबै पक्षसँग जोडिएको नागरिकता सम्बन्धी समस्या समाधान गर्न सबै पक्षलाई गम्भीर बन्न आयोगले आग्रह गरेको छ । व्यक्तिको पहिचानको विषयलाई संवेदनशील रूपमा लिई नागरिकता प्राप्त गर्ने अधिकारको सम्मान, संरक्षण र सुनिश्चित गर्न सरकारको ध्यानाकर्षण गराउँदछ, आयोगले सार्वजनिक गरेको प्रेस विज्ञप्तिमा उल्लेख छ ।"
"राष्ट्रपति पौडेलको मुटुमा स्थायी पेस मेकर राखियो","काठमाडौं : राष्ट्रपति रामचन्द्र पौडेलको मुटुमा स्थायी पेस मेकर राखिएको छ । मनमोहन कार्डियोथोरासिक भास्कुलर तथा ट्रान्सप्लान्ट सेन्टर महाराजगन्जमा उपरारत राष्ट्रपति पौडेलको मुटुको चाल कम हुन थालेपछि मंगलबार स्थायी पेस मेकर राखिएको हो । अस्पतालका कार्यकारी निर्देशक प्राडा मणि गजुरेलले पौडेलको स्वास्थ्य अवस्था सामान्य रहेको छ । 'सम्माननीय राष्ट्रपति श्री रामचन्द्र पौडेलज्यू यस सेन्टरमा २०८० ।०३ ।०२ गतेदेखि उपचाररत् हुनु हुन्छ । ७२ घण्टाको नियमित निगरानीका क्रममा सम्माननीयज्यूको मुटुको चाल बेला बखतमा कम हुने देखिएकोले विशेषज्ञहरुको राय बमोजिम पेस मेकर राख्नु पर्ने देखिएकोले आजै सफलतापूर्वक स्थायी पेस मेकर राखिएको छ । हाल उहाँको स्वास्थ्य अवस्था सामान्य रहेको छ,' विज्ञप्तिमा भनिएको छ ।"
"प्रहरी सहायक निरीक्षकविरुद्ध भ्रष्टाचार मुद्दा","काठमाडौं : अख्तियार दुरूपयोग अनुसन्धान आयोगले प्रहरी सहायक निरीक्षक (असइ) विरुद्ध भ्रष्टाचार मुद्दा दायर गरेको छ । इलाका प्रहरी कार्यालय,मिर्चैया सिरहाको मुद्दाा शाखामा कार्यरत असइ सचिन कुमार भदैसवारविरुद्ध भ्रष्टारचार मुद्दा दायर भएको हो । आयोगका प्रवक्ता भोला दाहालले उजुरी निवेदनका आधारमा अनुसन्धान हुँदा प्रहरी सहायक निरीक्षक भदैसवारले सेवाग्राहीसँग ९ हजार रुपैयाँ घुस लिएको पुष्टि हुन आएपछि आज विशेष अदालत काठमाडौंमा मुद्दा दायर भएको जानकारी दिए । केही दिनअघि अख्तियार दुरूपयोग अनुसन्धान आयोगको कार्यालय बर्दिबासबाट खटिएको टोलीले असइ भदैसवारलाई ९ हजार रुपैयाँ घुस लिइसकेको अवस्थामा नियन्त्रणमा लिएको थियो । भदैसवारलाई नौ हजार विगोसहित कैद सजाय माग गरिएको छ ।"
"""फेरि ओरालोतिर सेयर बजार","४ अर्ब ११ करोडको कारोबार"",काठमाडौं : सेयर कारोबारको तेस्रो दिन आज नेप्से परिसूचक दोहोरो अंकले ओरालो लागेको छ । आज नेप्से परिसूचक २६५६ अंकले घटेर २०६४८३ विन्दुमा अडिएको छ । नेप्से दोहोरो अंकले घटेसँगै कारोबार रकम पनि सोमबारको तुलनामा घटेको छ । आज २६८ कम्पनीको १ करोड ७ लाख ९२ हजार ७४२ कित्ता सेयर ४ अर्ब ११ करोड ६ लाख ६ हजार ९५३ रुपैयाँमा खरिदबिक्री भयो । अघिल्लो कारोबार दिन सोमबार नेप्से परिसूचक २९४ अंकले घटेर २०९१३९ विन्दुमा बन्द भएको थियो । सो दिन ४ अर्ब ७४ करोड ६ लाख ८ हजार ८८० रुपैयाँमा सेयर खरिदबिक्री भएको थियो । साताको पहिलो कारोबार दिन आइतबार नेप्से परिसूचक ५२२६ अंकले बढेको थियो । सो दिन ४ अर्ब ८६ करोड ९१ लाख ८४ हजार १६ रुपैयाँमा सेयर कारोबार भएको थियो । यसदिन तीन कम्पनीको मूल्य १० प्रतिशतले बढ्यो । कारोबार रकमका आधारमा नेपाल इन्फ्रास्टक्चर बैंक शीर्ष स्थानमा रह्यो । सो बैंकको २० करोड मूल्य बराबरको सेयर कारोबार भयो । यसैगरी शिवम् सिमेन्टको १९ करोड र हिमालयन डिस्टिलरीको १३ करोड बराबरको सेयर कारोबार भयो । कारोबारमा आएका १३ उपसमूहमध्ये १० को सूचक घट्दा तीनको मात्रै बढ्यो ।"
"प्रतिनिधिसभामा शुक्रबार प्रधानमन्त्रीसँग प्रत्यक्ष प्रश्नोत्तर कार्यक्रम","काठमाडौं : प्रतिनिधिसभामा यही असार ८ गते प्रधानमन्त्री पुष्पकमल दाहाल प्रचण्डसँग प्रत्यक्ष प्रश्नोत्तर कार्यक्रम हुने भएको छ । सभामुख देवराज घिमिरेले प्रधानमन्त्रीसँग प्रत्यक्ष प्रश्नोत्तरका लागि मिति निर्धारण भएको सदनलाई जानकारी गराएका छन् । सभामुखले हरेक समूहमा १५ जना सांसद रहने गरी १७ समूहमा विभाजन गरिएको बताए । प्रश्नोत्तरका लागि सांसदहरूलाई आज साँझ ५ बजेसम्म प्रतिनिधिसभाका सचिवसमक्ष प्रश्न टिपाउन आग्रह गरेका छन् । असार ८ गते हुने प्रश्नोत्तरमा पहिलो समूहमा रहेका सांसदहरुले प्रश्न टिपाउने र सोहीमाथि छलफल हुनेछ । यसअघि पनि प्रतिनिधिसभामा प्रधानमन्त्री प्रचण्डसँग प्रत्यक्ष प्रश्नोत्तरको कार्यक्रम सञ्चालन गरिएको थियो ।"
